bundle_type,usage_type,service_class_category,price,volume_mb,volume_min,volume_sms,validity_hours,validity_days,week_number,year_number,week_sin,week_cos,season,has_data,has_voice,has_sms,is_data_only,is_voice_only,is_sms_only,is_combo_bundle,is_unlimited_bundle,name_has_social,name_has_roaming,log_price,log_mb,log_min,log_sms,log_validity_hours,validity_bucket,predicted_popularity,popularity_category
BUNDLE_DATA,CHARGED,PREPAID,1936.0,2562.1,0.0,0,168.0,7.0,1,2025,0.12053668025532305,0.992708874098054,winter,1,0,0,1,0,0,0,0,0,0,7.5688956634069955,7.848972742380151,0.0,0.0,5.1298987149230735,weekly,0.4104427423889202,Very Popular
BUNDLE_DATA,CHARGED,PREPAID,564.0,630.98,0.0,0,72.0,3.0,1,2025,0.12053668025532305,0.992708874098054,winter,1,0,0,1,0,0,0,0,0,0,6.336825731146441,6.448857748076506,0.0,0.0,4.290459441148391,weekly,0.44911292814273734,Very Popular
BUNDLE_DATA,CHARGED,PREPAID,537.0,552.01,0.0,0,72.0,3.0,1,2025,0.12053668025532305,0.992708874098054,winter,1,0,0,1,0,0,0,0,0,0,6.2878585601617845,6.315376084541477,0.0,0.0,4.290459441148391,weekly,0.4812495909047216,Very Popular
BUNDLE_DATA,CHARGED,PREPAID,599.0,764.94,0.0,0,72.0,3.0,1,2025,0.12053668025532305,0.992708874098054,winter,1,0,0,1,0,0,0,0,0,0,6.396929655216146,6.641103837690993,0.0,0.0,4.290459441148391,weekly,0.5859385403771383,Very Popular
BUNDLE_DATA,CHARGED,PREPAID,647.0,1521.4,0.0,0,24.0,1.0,1,2025,0.12053668025532305,0.992708874098054,winter,1,0,0,1,0,0,0,0,0,0,6.473890696352274,7.328043315981939,0.0,0.0,3.2188758248682006,daily,0.5433210532733501,Very Popular
BUNDLE_DATA,CHARGED,PREPAID,725.0,1169.44,0.0,0,72.0,3.0,1,2025,0.12053668025532305,0.992708874098054,winter,1,0,0,1,0,0,0,0,0,0,6.587550014824796,7.065135025471882,0.0,0.0,4.290459441148391,weekly,0.48559863244075807,Very Popular
BUNDLE_DATA,CHARGED,PREPAID,1160.0,2006.93,0.0,0,72.0,3.0,1,2025,0.12053668025532305,0.992708874098054,winter,1,0,0,1,0,0,0,0,0,0,7.057036981697891,7.6048596196462075,0.0,0.0,4.290459441148391,weekly,0.46625271193804263,Very Popular
BUNDLE_DATA,CHARGED,PREPAID,589.0,1084.64,0.0,0,24.0,1.0,1,2025,0.12053668025532305,0.992708874098054,winter,1,0,0,1,0,0,0,0,0,0,6.380122536899765,6.989924953825651,0.0,0.0,3.2188758248682006,daily,0.5237985501968201,Very Popular
BUNDLE_DATA,CHARGED,PREPAID,1909.0,2516.82,0.0,0,168.0,7.0,1,2025,0.12053668025532305,0.992708874098054,winter,1,0,0,1,0,0,0,0,0,0,7.554858521040676,7.831148726743298,0.0,0.0,5.1298987149230735,weekly,0.4131240609698296,Very Popular
BUNDLE_DATA,CHARGED,PREPAID,520.0,757.99,0.0,0,24.0,1.0,1,2025,0.12053668025532305,0.992708874098054,winter,1,0,0,1,0,0,0,0,0,0,6.255750041753367,6.63198860207827,0.0,0.0,3.2188758248682006,daily,0.6360776640202447,Very Popular
BUNDLE_DATA,CHARGED,PREPAID,3503.0,8175.99,0.0,0,72.0,3.0,1,2025,0.12053668025532305,0.992708874098054,winter,1,0,0,1,0,0,0,0,0,0,8.161660452056282,9.00907939121883,0.0,0.0,4.290459441148391,weekly,0.3813561228578688,Very Popular
BUNDLE_DATA,CHARGED,PREPAID,6461.0,8307.55,0.0,0,720.0,30.0,1,2025,0.12053668025532305,0.992708874098054,winter,1,0,0,1,0,0,0,0,0,0,8.773694146384443,9.025040384056602,0.0,0.0,6.580639137284949,monthly,0.3937916272049598,Very Popular
BUNDLE_DATA,CHARGED,PREPAID,217.0,114.82,0.0,0,72.0,3.0,1,2025,0.12053668025532305,0.992708874098054,winter,1,0,0,1,0,0,0,0,0,0,5.384495062789089,4.752037261797644,0.0,0.0,4.290459441148391,weekly,0.4088726807905962,Very Popular
BUNDLE_DATA,CHARGED,PREPAID,785.0,1277.57,0.0,0,72.0,3.0,1,2025,0.12053668025532305,0.992708874098054,winter,1,0,0,1,0,0,0,0,0,0,6.666956792429207,7.1534975448945275,0.0,0.0,4.290459441148391,weekly,0.4135785851126219,Very Popular
BUNDLE_DATA,CHARGED,PREPAID,531.0,800.92,0.0,0,24.0,1.0,1,2025,0.12053668025532305,0.992708874098054,winter,1,0,0,1,0,0,0,0,0,0,6.2766434893416445,6.687008852267649,0.0,0.0,3.2188758248682006,daily,0.5196189142013582,Very Popular
BUNDLE_DATA,CHARGED,PREPAID,1114.0,1913.83,0.0,0,72.0,3.0,1,2025,0.12053668025532305,0.992708874098054,winter,1,0,0,1,0,0,0,0,0,0,7.016609683894219,7.557384124828251,0.0,0.0,4.290459441148391,weekly,0.46625271193804263,Very Popular
BUNDLE_DATA,CHARGED,PREPAID,824.0,2022.17,0.0,0,24.0,1.0,1,2025,0.12053668025532305,0.992708874098054,winter,1,0,0,1,0,0,0,0,0,0,6.715383386334681,7.612420867250565,0.0,0.0,3.2188758248682006,daily,0.4582466857519147,Very Popular
BUNDLE_DATA,CHARGED,PREPAID,868.0,1717.92,0.0,0,48.0,2.0,1,2025,0.12053668025532305,0.992708874098054,winter,1,0,0,1,0,0,0,0,0,0,6.767343125265392,7.449451465614609,0.0,0.0,3.8918202981106265,weekly,0.4816016626780027,Very Popular
BUNDLE_DATA,CHARGED,PREPAID,2514.0,7887.87,0.0,0,24.0,1.0,1,2025,0.12053668025532305,0.992708874098054,winter,1,0,0,1,0,0,0,0,0,0,7.83002808253384,8.97320818431817,0.0,0.0,3.2188758248682006,daily,0.4079253864181144,Very Popular
BUNDLE_DATA,CHARGED,PREPAID,116.0,63.5,0.0,0,24.0,1.0,1,2025,0.12053668025532305,0.992708874098054,winter,1,0,0,1,0,0,0,0,0,0,4.762173934797756,4.1666652238017265,0.0,0.0,3.2188758248682006,daily,0.6005434090044136,Very Popular
BUNDLE_DATA,CHARGED,PREPAID,100.0,50.29,0.0,0,24.0,1.0,1,2025,0.12053668025532305,0.992708874098054,winter,1,0,0,1,0,0,0,0,0,0,4.61512051684126,3.937495801401177,0.0,0.0,3.2188758248682006,daily,0.47060810808396564,Very Popular
BUNDLE_DATA,CHARGED,PREPAID,649.0,1536.59,0.0,0,24.0,1.0,1,2025,0.12053668025532305,0.992708874098054,winter,1,0,0,1,0,0,0,0,0,0,6.476972362889683,7.33797153455284,0.0,0.0,3.2188758248682006,daily,0.5433210532733501,Very Popular
BUNDLE_DATA,CHARGED,PREPAID,1106.0,1899.88,0.0,0,72.0,3.0,1,2025,0.12053668025532305,0.992708874098054,winter,1,0,0,1,0,0,0,0,0,0,7.009408932708637,7.550072215824757,0.0,0.0,4.290459441148391,weekly,0.46625271193804263,Very Popular
BUNDLE_DATA,CHARGED,PREPAID,773.0,1883.53,0.0,0,24.0,1.0,1,2025,0.12053668025532305,0.992708874098054,winter,1,0,0,1,0,0,0,0,0,0,6.651571873589727,7.54143373192248,0.0,0.0,3.2188758248682006,daily,0.42254282687323336,Very Popular
BUNDLE_DATA,CHARGED,PREPAID,623.0,1312.32,0.0,0,24.0,1.0,1,2025,0.12053668025532305,0.992708874098054,winter,1,0,0,1,0,0,0,0,0,0,6.436150368369428,7.180313561288071,0.0,0.0,3.2188758248682006,daily,0.4885919926901207,Very Popular
BUNDLE_DATA,CHARGED,PREPAID,1903.0,2506.15,0.0,0,168.0,7.0,1,2025,0.12053668025532305,0.992708874098054,winter,1,0,0,1,0,0,0,0,0,0,7.55171221535131,7.826901928837489,0.0,0.0,5.1298987149230735,weekly,0.4131240609698296,Very Popular
BUNDLE_DATA,CHARGED,PREPAID,418.0,313.3,0.0,0,72.0,3.0,1,2025,0.12053668025532305,0.992708874098054,winter,1,0,0,1,0,0,0,0,0,0,6.037870919922137,5.750347943803522,0.0,0.0,4.290459441148391,weekly,0.44554778540945345,Very Popular
BUNDLE_DATA,CHARGED,PREPAID,182.0,76.01,0.0,0,72.0,3.0,1,2025,0.12053668025532305,0.992708874098054,winter,1,0,0,1,0,0,0,0,0,0,5.209486152841421,4.343935283551159,0.0,0.0,4.290459441148391,weekly,0.411348220799461,Very Popular
BUNDLE_DATA,CHARGED,PREPAID,692.0,1662.63,0.0,0,24.0,1.0,1,2025,0.12053668025532305,0.992708874098054,winter,1,0,0,1,0,0,0,0,0,0,6.541029999189903,7.416757240887214,0.0,0.0,3.2188758248682006,daily,0.4929552995357121,Very Popular
BUNDLE_DATA,CHARGED,PREPAID,1168.0,2022.17,0.0,0,72.0,3.0,1,2025,0.12053668025532305,0.992708874098054,winter,1,0,0,1,0,0,0,0,0,0,7.063903961472068,7.612420867250565,0.0,0.0,4.290459441148391,weekly,0.46625271193804263,Very Popular
BUNDLE_DATA,CHARGED,PREPAID,649.0,1025.9,0.0,0,72.0,3.0,1,2025,0.12053668025532305,0.992708874098054,winter,1,0,0,1,0,0,0,0,0,0,6.476972362889683,6.934299834204249,0.0,0.0,4.290459441148391,weekly,0.5325996759873675,Very Popular
BUNDLE_DATA,CHARGED,PREPAID,431.0,330.53,0.0,0,72.0,3.0,1,2025,0.12053668025532305,0.992708874098054,winter,1,0,0,1,0,0,0,0,0,0,6.068425588244111,5.8037183032688,0.0,0.0,4.290459441148391,weekly,0.40163436907205174,Very Popular
BUNDLE_DATA,CHARGED,PREPAID,1219.0,1451.81,0.0,0,168.0,7.0,1,2025,0.12053668025532305,0.992708874098054,winter,1,0,0,1,0,0,0,0,0,0,7.106606137727303,7.281254891083251,0.0,0.0,5.1298987149230735,weekly,0.3969237306948256,Very Popular
BUNDLE_DATA,CHARGED,PREPAID,599.0,760.19,0.0,0,72.0,3.0,1,2025,0.12053668025532305,0.992708874098054,winter,1,0,0,1,0,0,0,0,0,0,6.396929655216146,6.634882998183836,0.0,0.0,4.290459441148391,weekly,0.5859385403771383,Very Popular
BUNDLE_DATA,CHARGED,PREPAID,449.0,364.67,0.0,0,72.0,3.0,1,2025,0.12053668025532305,0.992708874098054,winter,1,0,0,1,0,0,0,0,0,0,6.1092475827643655,5.9017312873358545,0.0,0.0,4.290459441148391,weekly,0.42426236275930485,Very Popular
BUNDLE_DATA,CHARGED,PREPAID,558.0,917.78,0.0,0,24.0,1.0,1,2025,0.12053668025532305,0.992708874098054,winter,1,0,0,1,0,0,0,0,0,0,6.326149473155099,6.823046703055171,0.0,0.0,3.2188758248682006,daily,0.5017588264963257,Very Popular
BUNDLE_DATA,CHARGED,PREPAID,679.0,1626.12,0.0,0,24.0,1.0,1,2025,0.12053668025532305,0.992708874098054,winter,1,0,0,1,0,0,0,0,0,0,6.522092798170152,7.39456685987724,0.0,0.0,3.2188758248682006,daily,0.4929552995357121,Very Popular
BUNDLE_DATA,CHARGED,PREPAID,2197.0,6623.7,0.0,0,24.0,1.0,1,2025,0.12053668025532305,0.992708874098054,winter,1,0,0,1,0,0,0,0,0,0,7.6953031349635665,8.798560366810248,0.0,0.0,3.2188758248682006,daily,0.38462827608166794,Very Popular
BUNDLE_DATA,CHARGED,PREPAID,644.0,1488.37,0.0,0,24.0,1.0,1,2025,0.12053668025532305,0.992708874098054,winter,1,0,0,1,0,0,0,0,0,0,6.4692503167957724,7.306108490734489,0.0,0.0,3.2188758248682006,daily,0.5329266938625208,Very Popular
BUNDLE_DATA,CHARGED,PREPAID,966.0,2428.51,0.0,0,24.0,1.0,1,2025,0.12053668025532305,0.992708874098054,winter,1,0,0,1,0,0,0,0,0,0,6.874198495453294,7.795444869910753,0.0,0.0,3.2188758248682006,daily,0.40803424477989625,Very Popular
BUNDLE_DATA,CHARGED,PREPAID,601.0,773.34,0.0,0,72.0,3.0,1,2025,0.12053668025532305,0.992708874098054,winter,1,0,0,1,0,0,0,0,0,0,6.400257445308821,6.6520110536218455,0.0,0.0,4.290459441148391,weekly,0.5859385403771383,Very Popular
BUNDLE_DATA,CHARGED,PREPAID,6341.0,8107.24,0.0,0,720.0,30.0,1,2025,0.12053668025532305,0.992708874098054,winter,1,0,0,1,0,0,0,0,0,0,8.754949455098293,9.000636107528479,0.0,0.0,6.580639137284949,monthly,0.3855765596421859,Very Popular
BUNDLE_DATA,CHARGED,PREPAID,2240.0,3085.91,0.0,0,168.0,7.0,1,2025,0.12053668025532305,0.992708874098054,winter,1,0,0,1,0,0,0,0,0,0,7.714677473800927,8.034925869558208,0.0,0.0,5.1298987149230735,weekly,0.3914474822458246,Very Popular
BUNDLE_DATA,CHARGED,PREPAID,833.0,1368.06,0.0,0,72.0,3.0,1,2025,0.12053668025532305,0.992708874098054,winter,1,0,0,1,0,0,0,0,0,0,6.726233402358747,7.221879651939442,0.0,0.0,4.290459441148391,weekly,0.4410421382195084,Very Popular
BUNDLE_DATA,CHARGED,PREPAID,4105.0,6905.12,0.0,0,168.0,7.0,1,2025,0.12053668025532305,0.992708874098054,winter,1,0,0,1,0,0,0,0,0,0,8.32020459757888,8.840163253993587,0.0,0.0,5.1298987149230735,weekly,0.47081995510861346,Very Popular
BUNDLE_DATA,CHARGED,PREPAID,634.0,1403.93,0.0,0,24.0,1.0,1,2025,0.12053668025532305,0.992708874098054,winter,1,0,0,1,0,0,0,0,0,0,6.453624998892692,7.247742758462629,0.0,0.0,3.2188758248682006,daily,0.5256115025224575,Very Popular
BUNDLE_DATA,CHARGED,PREPAID,1168.0,2023.74,0.0,0,72.0,3.0,1,2025,0.12053668025532305,0.992708874098054,winter,1,0,0,1,0,0,0,0,0,0,7.063903961472068,7.61319657623556,0.0,0.0,4.290459441148391,weekly,0.4976501709687825,Very Popular
BUNDLE_DATA,CHARGED,PREPAID,1170.0,2026.19,0.0,0,72.0,3.0,1,2025,0.12053668025532305,0.992708874098054,winter,1,0,0,1,0,0,0,0,0,0,7.065613363597717,7.614405876642317,0.0,0.0,4.290459441148391,weekly,0.4976501709687825,Very Popular
BUNDLE_DATA,CHARGED,PREPAID,518.0,750.14,0.0,0,24.0,1.0,1,2025,0.12053668025532305,0.992708874098054,winter,1,0,0,1,0,0,0,0,0,0,6.251903883165888,6.621592052499626,0.0,0.0,3.2188758248682006,daily,0.6360776640202447,Very Popular
BUNDLE_DATA,CHARGED,PREPAID,655.0,1043.59,0.0,0,72.0,3.0,1,2025,0.12053668025532305,0.992708874098054,winter,1,0,0,1,0,0,0,0,0,0,6.486160788944089,6.951379742914064,0.0,0.0,4.290459441148391,weekly,0.5398712666048979,Very Popular
BUNDLE_DATA,CHARGED,PREPAID,6136.0,7767.09,0.0,0,720.0,30.0,1,2025,0.12053668025532305,0.992708874098054,winter,1,0,0,1,0,0,0,0,0,0,8.722091302389098,8.957779595897865,0.0,0.0,6.580639137284949,monthly,0.46904243370380383,Very Popular
BUNDLE_DATA,CHARGED,PREPAID,562.0,629.01,0.0,0,72.0,3.0,1,2025,0.12053668025532305,0.992708874098054,winter,1,0,0,1,0,0,0,0,0,0,6.333279628139691,6.445735692275476,0.0,0.0,4.290459441148391,weekly,0.44911292814273734,Very Popular
BUNDLE_DATA,CHARGED,PREPAID,3964.0,9660.83,0.0,0,72.0,3.0,1,2025,0.12053668025532305,0.992708874098054,winter,1,0,0,1,0,0,0,0,0,0,8.285261134068948,9.175938350258674,0.0,0.0,4.290459441148391,weekly,0.3916866318741604,Very Popular
BUNDLE_DATA,CHARGED,PREPAID,1562.0,2872.6,0.0,0,72.0,3.0,1,2025,0.12053668025532305,0.992708874098054,winter,1,0,0,1,0,0,0,0,0,0,7.354362330421477,7.96332087810788,0.0,0.0,4.290459441148391,weekly,0.3897922123309098,Very Popular
BUNDLE_DATA,CHARGED,PREPAID,2042.0,2740.3,0.0,0,168.0,7.0,1,2025,0.12053668025532305,0.992708874098054,winter,1,0,0,1,0,0,0,0,0,0,7.622174594817622,7.916187539419835,0.0,0.0,5.1298987149230735,weekly,0.4020572290774647,Very Popular
BUNDLE_DATA,CHARGED,PREPAID,1602.0,2022.17,0.0,0,168.0,7.0,1,2025,0.12053668025532305,0.992708874098054,winter,1,0,0,1,0,0,0,0,0,0,7.3796321526095525,7.612420867250565,0.0,0.0,5.1298987149230735,weekly,0.4305796690814715,Very Popular
BUNDLE_DATA,CHARGED,PREPAID,1011.0,1705.84,0.0,0,72.0,3.0,1,2025,0.12053668025532305,0.992708874098054,winter,1,0,0,1,0,0,0,0,0,0,6.919683849847411,7.442398986708322,0.0,0.0,4.290459441148391,weekly,0.4703022723127968,Very Popular
BUNDLE_DATA,CHARGED,PREPAID,1331.0,1613.96,0.0,0,168.0,7.0,1,2025,0.12053668025532305,0.992708874098054,winter,1,0,0,1,0,0,0,0,0,0,7.194436851100335,7.387065467548172,0.0,0.0,5.1298987149230735,weekly,0.45922038775534996,Very Popular
BUNDLE_DATA,CHARGED,PREPAID,508.0,479.94,0.0,0,72.0,3.0,1,2025,0.12053668025532305,0.992708874098054,winter,1,0,0,1,0,0,0,0,0,0,6.2324480165505225,6.175742522200324,0.0,0.0,4.290459441148391,weekly,0.41243663030710564,Very Popular
BUNDLE_DATA,CHARGED,PREPAID,1223.0,3203.41,0.0,0,24.0,1.0,1,2025,0.12053668025532305,0.992708874098054,winter,1,0,0,1,0,0,0,0,0,0,7.1098794630722715,8.072283265045117,0.0,0.0,3.2188758248682006,daily,0.3914648719071903,Very Popular
BUNDLE_DATA,CHARGED,PREPAID,797.0,1945.46,0.0,0,24.0,1.0,1,2025,0.12053668025532305,0.992708874098054,winter,1,0,0,1,0,0,0,0,0,0,6.682108597449809,7.573767617134765,0.0,0.0,3.2188758248682006,daily,0.4582466857519147,Very Popular
BUNDLE_DATA,CHARGED,PREPAID,542.0,849.57,0.0,0,24.0,1.0,1,2025,0.12053668025532305,0.992708874098054,winter,1,0,0,1,0,0,0,0,0,0,6.297109319933935,6.745906712975834,0.0,0.0,3.2188758248682006,daily,0.5087516609107007,Very Popular
BUNDLE_DATA,CHARGED,PREPAID,422.0,475.75,0.0,0,24.0,1.0,1,2025,0.12053668025532305,0.992708874098054,winter,1,0,0,1,0,0,0,0,0,0,6.0473721790462776,6.166992244480529,0.0,0.0,3.2188758248682006,daily,0.4739732530755468,Very Popular
BUNDLE_DATA,CHARGED,PREPAID,2304.0,3201.31,0.0,0,168.0,7.0,1,2025,0.12053668025532305,0.992708874098054,winter,1,0,0,1,0,0,0,0,0,0,7.742835955430749,8.071627703361383,0.0,0.0,5.1298987149230735,weekly,0.5352443755993797,Very Popular
BUNDLE_DATA,CHARGED,PREPAID,445.0,532.94,0.0,0,24.0,1.0,1,2025,0.12053668025532305,0.992708874098054,winter,1,0,0,1,0,0,0,0,0,0,6.100318952020064,6.2802834730968256,0.0,0.0,3.2188758248682006,daily,0.45582777724879053,Very Popular
BUNDLE_DATA,CHARGED,PREPAID,612.0,1231.68,0.0,0,24.0,1.0,1,2025,0.12053668025532305,0.992708874098054,winter,1,0,0,1,0,0,0,0,0,0,6.418364935936212,7.116945939878113,0.0,0.0,3.2188758248682006,daily,0.46189443376881717,Very Popular
BUNDLE_DATA,CHARGED,PREPAID,495.0,672.59,0.0,0,24.0,1.0,1,2025,0.12053668025532305,0.992708874098054,winter,1,0,0,1,0,0,0,0,0,0,6.206575926724928,6.512621617212219,0.0,0.0,3.2188758248682006,daily,0.4324700374483372,Very Popular
BUNDLE_DATA,CHARGED,PREPAID,529.0,790.96,0.0,0,24.0,1.0,1,2025,0.12053668025532305,0.992708874098054,winter,1,0,0,1,0,0,0,0,0,0,6.272877006546167,6.674510885488498,0.0,0.0,3.2188758248682006,daily,0.5196189142013582,Very Popular
BUNDLE_DATA,CHARGED,PREPAID,1171.0,3044.1,0.0,0,24.0,1.0,1,2025,0.12053668025532305,0.992708874098054,winter,1,0,0,1,0,0,0,0,0,0,7.066466970136958,8.021289020327249,0.0,0.0,3.2188758248682006,daily,0.4388767200959175,Very Popular
BUNDLE_DATA,CHARGED,PREPAID,887.0,2204.96,0.0,0,24.0,1.0,1,2025,0.12053668025532305,0.992708874098054,winter,1,0,0,1,0,0,0,0,0,0,6.78897174299217,7.698918067282781,0.0,0.0,3.2188758248682006,daily,0.3824968999269373,Very Popular
BUNDLE_DATA,CHARGED,PREPAID,2063.0,2777.44,0.0,0,168.0,7.0,1,2025,0.12053668025532305,0.992708874098054,winter,1,0,0,1,0,0,0,0,0,0,7.6324011266014535,7.929644898101354,0.0,0.0,5.1298987149230735,weekly,0.4020572290774647,Very Popular
BUNDLE_DATA,CHARGED,PREPAID,833.0,2045.46,0.0,0,24.0,1.0,1,2025,0.12053668025532305,0.992708874098054,winter,1,0,0,1,0,0,0,0,0,0,6.726233402358747,7.623866750175841,0.0,0.0,3.2188758248682006,daily,0.5424412577868912,Very Popular
BUNDLE_DATA,CHARGED,PREPAID,915.0,2281.27,0.0,0,24.0,1.0,1,2025,0.12053668025532305,0.992708874098054,winter,1,0,0,1,0,0,0,0,0,0,6.82001636467413,7.732925840688642,0.0,0.0,3.2188758248682006,daily,0.38106138518813626,Very Popular
BUNDLE_DATA,CHARGED,PREPAID,716.0,1729.67,0.0,0,24.0,1.0,1,2025,0.12053668025532305,0.992708874098054,winter,1,0,0,1,0,0,0,0,0,0,6.57507584059962,7.456263895754023,0.0,0.0,3.2188758248682006,daily,0.4213378284097164,Very Popular
BUNDLE_DATA,CHARGED,PREPAID,570.0,653.74,0.0,0,72.0,3.0,1,2025,0.12053668025532305,0.992708874098054,winter,1,0,0,1,0,0,0,0,0,0,6.3473892096560105,6.484238210266224,0.0,0.0,4.290459441148391,weekly,0.4959636627704196,Very Popular
BUNDLE_DATA,CHARGED,PREPAID,1627.0,3024.72,0.0,0,72.0,3.0,1,2025,0.12053668025532305,0.992708874098054,winter,1,0,0,1,0,0,0,0,0,0,7.395107546562485,8.014904358672426,0.0,0.0,4.290459441148391,weekly,0.3951493885473309,Very Popular
BUNDLE_DATA,CHARGED,PREPAID,642.0,980.09,0.0,0,72.0,3.0,1,2025,0.12053668025532305,0.992708874098054,winter,1,0,0,1,0,0,0,0,0,0,6.466144724237619,6.888664198476486,0.0,0.0,4.290459441148391,weekly,0.496089949950042,Very Popular
BUNDLE_DATA,CHARGED,PREPAID,174.0,105.05,0.0,0,24.0,1.0,1,2025,0.12053668025532305,0.992708874098054,winter,1,0,0,1,0,0,0,0,0,0,5.1647859739235145,4.663910681010692,0.0,0.0,3.2188758248682006,daily,0.46116376437856216,Very Popular
BUNDLE_DATA,CHARGED,PREPAID,804.0,1313.75,0.0,0,72.0,3.0,1,2025,0.12053668025532305,0.992708874098054,winter,1,0,0,1,0,0,0,0,0,0,6.690842277418564,7.181401812469454,0.0,0.0,4.290459441148391,weekly,0.4292107796677077,Very Popular
BUNDLE_DATA,CHARGED,PREPAID,931.0,2326.31,0.0,0,24.0,1.0,1,2025,0.12053668025532305,0.992708874098054,winter,1,0,0,1,0,0,0,0,0,0,6.837332814685591,7.752468373166034,0.0,0.0,3.2188758248682006,daily,0.3838814904548563,Very Popular
BUNDLE_DATA,CHARGED,PREPAID,2429.0,2251.94,0.0,0,720.0,30.0,1,2025,0.12053668025532305,0.992708874098054,winter,1,0,0,1,0,0,0,0,0,0,7.795646536334594,7.719991308919173,0.0,0.0,6.580639137284949,monthly,0.3838915699587494,Very Popular
BUNDLE_DATA,CHARGED,PREPAID,336.0,317.42,0.0,0,24.0,1.0,1,2025,0.12053668025532305,0.992708874098054,winter,1,0,0,1,0,0,0,0,0,0,5.820082930352362,5.763371266067859,0.0,0.0,3.2188758248682006,daily,0.5084283600740644,Very Popular
BUNDLE_DATA,CHARGED,PREPAID,1309.0,2315.71,0.0,0,72.0,3.0,1,2025,0.12053668025532305,0.992708874098054,winter,1,0,0,1,0,0,0,0,0,0,7.177782416195197,7.747903354751762,0.0,0.0,4.290459441148391,weekly,0.41594691077538715,Very Popular
BUNDLE_DATA,CHARGED,PREPAID,156.0,92.55,0.0,0,24.0,1.0,1,2025,0.12053668025532305,0.992708874098054,winter,1,0,0,1,0,0,0,0,0,0,5.056245805348308,4.538496052720099,0.0,0.0,3.2188758248682006,daily,0.462263118508998,Very Popular
BUNDLE_DATA,CHARGED,PREPAID,449.0,541.89,0.0,0,24.0,1.0,1,2025,0.12053668025532305,0.992708874098054,winter,1,0,0,1,0,0,0,0,0,0,6.1092475827643655,6.296906721143309,0.0,0.0,3.2188758248682006,daily,0.45234364098694224,Very Popular
BUNDLE_DATA,CHARGED,PREPAID,1411.0,2536.07,0.0,0,72.0,3.0,1,2025,0.12053668025532305,0.992708874098054,winter,1,0,0,1,0,0,0,0,0,0,7.252762418053187,7.838765150862313,0.0,0.0,4.290459441148391,weekly,0.4587630209784474,Very Popular
BUNDLE_DATA,CHARGED,PREPAID,345.0,334.1,0.0,0,24.0,1.0,1,2025,0.12053668025532305,0.992708874098054,winter,1,0,0,1,0,0,0,0,0,0,5.846438775057725,5.814428994743265,0.0,0.0,3.2188758248682006,daily,0.5310092869294961,Very Popular
BUNDLE_DATA,CHARGED,PREPAID,150.0,86.34,0.0,0,24.0,1.0,1,2025,0.12053668025532305,0.992708874098054,winter,1,0,0,1,0,0,0,0,0,0,5.017279836814924,4.469808548057415,0.0,0.0,3.2188758248682006,daily,0.4745206236770705,Very Popular
BUNDLE_DATA,CHARGED,PREPAID,1296.0,1563.33,0.0,0,168.0,7.0,1,2025,0.12053668025532305,0.992708874098054,winter,1,0,0,1,0,0,0,0,0,0,7.167809184316444,7.355212896290882,0.0,0.0,5.1298987149230735,weekly,0.47769370597423144,Very Popular
BUNDLE_DATA,CHARGED,PREPAID,769.0,1872.14,0.0,0,24.0,1.0,1,2025,0.12053668025532305,0.992708874098054,winter,1,0,0,1,0,0,0,0,0,0,6.646390514847729,7.535371446046872,0.0,0.0,3.2188758248682006,daily,0.42254282687323336,Very Popular
BUNDLE_DATA,CHARGED,PREPAID,683.0,1639.16,0.0,0,24.0,1.0,1,2025,0.12053668025532305,0.992708874098054,winter,1,0,0,1,0,0,0,0,0,0,6.52795791762255,7.402549077035092,0.0,0.0,3.2188758248682006,daily,0.4929552995357121,Very Popular
BUNDLE_DATA,CHARGED,PREPAID,443.0,527.64,0.0,0,24.0,1.0,1,2025,0.12053668025532305,0.992708874098054,winter,1,0,0,1,0,0,0,0,0,0,6.095824562432225,6.270307670892558,0.0,0.0,3.2188758248682006,daily,0.45582777724879053,Very Popular
BUNDLE_DATA,CHARGED,PREPAID,536.0,820.38,0.0,0,24.0,1.0,1,2025,0.12053668025532305,0.992708874098054,winter,1,0,0,1,0,0,0,0,0,0,6.285998094508865,6.710985852553027,0.0,0.0,3.2188758248682006,daily,0.54168101372697,Very Popular
BUNDLE_DATA,CHARGED,PREPAID,648.0,1024.66,0.0,0,72.0,3.0,1,2025,0.12053668025532305,0.992708874098054,winter,1,0,0,1,0,0,0,0,0,0,6.47543271670409,6.933091586795304,0.0,0.0,4.290459441148391,weekly,0.5325996759873675,Very Popular
BUNDLE_DATA,CHARGED,PREPAID,910.0,2265.48,0.0,0,24.0,1.0,1,2025,0.12053668025532305,0.992708874098054,winter,1,0,0,1,0,0,0,0,0,0,6.814542897259958,7.725983246163723,0.0,0.0,3.2188758248682006,daily,0.38106138518813626,Very Popular
BUNDLE_DATA,CHARGED,PREPAID,1320.0,1595.47,0.0,0,168.0,7.0,1,2025,0.12053668025532305,0.992708874098054,winter,1,0,0,1,0,0,0,0,0,0,7.186144304522325,7.375550220872738,0.0,0.0,5.1298987149230735,weekly,0.45922038775534996,Very Popular
BUNDLE_DATA,CHARGED,PREPAID,1134.0,1330.82,0.0,0,168.0,7.0,1,2025,0.12053668025532305,0.992708874098054,winter,1,0,0,1,0,0,0,0,0,0,7.034387929915503,7.194301706833624,0.0,0.0,5.1298987149230735,weekly,0.40586125178262583,Very Popular
BUNDLE_DATA,CHARGED,PREPAID,472.0,602.14,0.0,0,24.0,1.0,1,2025,0.12053668025532305,0.992708874098054,winter,1,0,0,1,0,0,0,0,0,0,6.159095388491933,6.402149342250307,0.0,0.0,3.2188758248682006,daily,0.40869564382097384,Very Popular
BUNDLE_DATA,CHARGED,PREPAID,298.0,263.86,0.0,0,24.0,1.0,1,2025,0.12053668025532305,0.992708874098054,winter,1,0,0,1,0,0,0,0,0,0,5.700443573390687,5.579201384498818,0.0,0.0,3.2188758248682006,daily,0.5065789431120216,Very Popular
BUNDLE_DATA,CHARGED,PREPAID,1074.0,1831.87,0.0,0,72.0,3.0,1,2025,0.12053668025532305,0.992708874098054,winter,1,0,0,1,0,0,0,0,0,0,6.980075940561763,7.513638323338807,0.0,0.0,4.290459441148391,weekly,0.4472142642937027,Very Popular
BUNDLE_DATA,CHARGED,PREPAID,1435.0,1769.06,0.0,0,168.0,7.0,1,2025,0.12053668025532305,0.992708874098054,winter,1,0,0,1,0,0,0,0,0,0,7.269616749608169,7.478768723298425,0.0,0.0,5.1298987149230735,weekly,0.4512573839474662,Very Popular
BUNDLE_DATA,CHARGED,PREPAID,741.0,1196.73,0.0,0,72.0,3.0,1,2025,0.12053668025532305,0.992708874098054,winter,1,0,0,1,0,0,0,0,0,0,6.60934924316738,7.088183377648448,0.0,0.0,4.290459441148391,weekly,0.4783526415520707,Very Popular
BUNDLE_DATA,CHARGED,PREPAID,606.0,1194.73,0.0,0,24.0,1.0,1,2025,0.12053668025532305,0.992708874098054,winter,1,0,0,1,0,0,0,0,0,0,6.408528791059498,7.0865121565162825,0.0,0.0,3.2188758248682006,daily,0.4960410875848435,Very Popular
BUNDLE_DATA,CHARGED,PREPAID,630.0,1374.09,0.0,0,24.0,1.0,1,2025,0.12053668025532305,0.992708874098054,winter,1,0,0,1,0,0,0,0,0,0,6.447305862541213,7.226274462504071,0.0,0.0,3.2188758248682006,daily,0.5256115025224575,Very Popular
BUNDLE_DATA,CHARGED,PREPAID,720.0,1736.62,0.0,0,24.0,1.0,1,2025,0.12053668025532305,0.992708874098054,winter,1,0,0,1,0,0,0,0,0,0,6.580639137284949,7.460271639802289,0.0,0.0,3.2188758248682006,daily,0.4213378284097164,Very Popular
BUNDLE_DATA,CHARGED,PREPAID,1272.0,1525.85,0.0,0,168.0,7.0,1,2025,0.12053668025532305,0.992708874098054,winter,1,0,0,1,0,0,0,0,0,0,7.149131598557407,7.330962068566459,0.0,0.0,5.1298987149230735,weekly,0.47769370597423144,Very Popular
BUNDLE_DATA,CHARGED,PREPAID,749.0,1214.93,0.0,0,72.0,3.0,1,2025,0.12053668025532305,0.992708874098054,winter,1,0,0,1,0,0,0,0,0,0,6.620073206530356,7.103264495079665,0.0,0.0,4.290459441148391,weekly,0.42737909376523814,Very Popular
BUNDLE_DATA,CHARGED,PREPAID,1126.0,1939.03,0.0,0,72.0,3.0,1,2025,0.12053668025532305,0.992708874098054,winter,1,0,0,1,0,0,0,0,0,0,7.027314514039777,7.5704587158553345,0.0,0.0,4.290459441148391,weekly,0.46625271193804263,Very Popular
BUNDLE_DATA,CHARGED,PREPAID,1586.0,1998.27,0.0,0,168.0,7.0,1,2025,0.12053668025532305,0.992708874098054,winter,1,0,0,1,0,0,0,0,0,0,7.369600720526409,7.600537392913369,0.0,0.0,5.1298987149230735,weekly,0.4330385709156534,Very Popular
BUNDLE_DATA,CHARGED,PREPAID,763.0,1236.71,0.0,0,72.0,3.0,1,2025,0.12053668025532305,0.992708874098054,winter,1,0,0,1,0,0,0,0,0,0,6.638567789166521,7.121018177015641,0.0,0.0,4.290459441148391,weekly,0.4245514552483863,Very Popular
BUNDLE_DATA,CHARGED,PREPAID,595.0,746.65,0.0,0,72.0,3.0,1,2025,0.12053668025532305,0.992708874098054,winter,1,0,0,1,0,0,0,0,0,0,6.39024066706535,6.616934954029853,0.0,0.0,4.290459441148391,weekly,0.7223133711212848,Very Popular
BUNDLE_DATA,CHARGED,PREPAID,931.0,1550.88,0.0,0,72.0,3.0,1,2025,0.12053668025532305,0.992708874098054,winter,1,0,0,1,0,0,0,0,0,0,6.837332814685591,7.347222378166222,0.0,0.0,4.290459441148391,weekly,0.4533049792970867,Very Popular
BUNDLE_DATA,CHARGED,PREPAID,248.0,201.75,0.0,0,24.0,1.0,1,2025,0.12053668025532305,0.992708874098054,winter,1,0,0,1,0,0,0,0,0,0,5.517452896464707,5.311973692995522,0.0,0.0,3.2188758248682006,daily,0.659097795412739,Very Popular
BUNDLE_DATA,CHARGED,PREPAID,1250.0,2190.06,0.0,0,72.0,3.0,1,2025,0.12053668025532305,0.992708874098054,winter,1,0,0,1,0,0,0,0,0,0,7.1316985104669115,7.69214072397633,0.0,0.0,4.290459441148391,weekly,0.41594691077538715,Very Popular
BUNDLE_DATA,CHARGED,PREPAID,480.0,626.73,0.0,0,24.0,1.0,1,2025,0.12053668025532305,0.992708874098054,winter,1,0,0,1,0,0,0,0,0,0,6.175867270105761,6.442110137713354,0.0,0.0,3.2188758248682006,daily,0.39555304902405036,Very Popular
BUNDLE_DATA,CHARGED,PREPAID,530.0,532.5,0.0,0,72.0,3.0,1,2025,0.12053668025532305,0.992708874098054,winter,1,0,0,1,0,0,0,0,0,0,6.274762021241939,6.279459070741808,0.0,0.0,4.290459441148391,weekly,0.4676680827295401,Very Popular
BUNDLE_DATA,CHARGED,PREPAID,100.0,54.68,0.0,0,24.0,1.0,1,2025,0.12053668025532305,0.992708874098054,winter,1,0,0,1,0,0,0,0,0,0,4.61512051684126,4.019621016026164,0.0,0.0,3.2188758248682006,daily,0.47060810808396564,Very Popular
BUNDLE_DATA,CHARGED,PREPAID,496.0,679.63,0.0,0,24.0,1.0,1,2025,0.12053668025532305,0.992708874098054,winter,1,0,0,1,0,0,0,0,0,0,6.208590026096629,6.5230188398494064,0.0,0.0,3.2188758248682006,daily,0.4324700374483372,Very Popular
BUNDLE_DATA,CHARGED,PREPAID,824.0,2020.59,0.0,0,24.0,1.0,1,2025,0.12053668025532305,0.992708874098054,winter,1,0,0,1,0,0,0,0,0,0,6.715383386334681,7.611639609484781,0.0,0.0,3.2188758248682006,daily,0.4582466857519147,Very Popular
BUNDLE_DATA,CHARGED,PREPAID,6000.0,7543.48,0.0,0,720.0,30.0,1,2025,0.12053668025532305,0.992708874098054,winter,1,0,0,1,0,0,0,0,0,0,8.699681400989514,8.928571449012423,0.0,0.0,6.580639137284949,monthly,0.46904243370380383,Very Popular
BUNDLE_DATA,CHARGED,PREPAID,5757.0,7142.2,0.0,0,720.0,30.0,1,2025,0.12053668025532305,0.992708874098054,winter,1,0,0,1,0,0,0,0,0,0,8.65834547117212,8.873916134203007,0.0,0.0,6.580639137284949,monthly,0.48025207447058155,Very Popular
BUNDLE_DATA,CHARGED,PREPAID,796.0,1298.19,0.0,0,72.0,3.0,1,2025,0.12053668025532305,0.992708874098054,winter,1,0,0,1,0,0,0,0,0,0,6.680854678790215,7.169496272333456,0.0,0.0,4.290459441148391,weekly,0.40347443498157914,Very Popular
BUNDLE_DATA,CHARGED,PREPAID,4245.0,7228.92,0.0,0,168.0,7.0,1,2025,0.12053668025532305,0.992708874098054,winter,1,0,0,1,0,0,0,0,0,0,8.353732642263202,8.885983250084678,0.0,0.0,5.1298987149230735,weekly,0.46386622854285614,Very Popular
BUNDLE_DATA,CHARGED,PREPAID,1586.0,2927.18,0.0,0,72.0,3.0,1,2025,0.12053668025532305,0.992708874098054,winter,1,0,0,1,0,0,0,0,0,0,7.369600720526409,7.982136348601503,0.0,0.0,4.290459441148391,weekly,0.3897922123309098,Very Popular
BUNDLE_DATA,CHARGED,PREPAID,1274.0,2241.53,0.0,0,72.0,3.0,1,2025,0.12053668025532305,0.992708874098054,winter,1,0,0,1,0,0,0,0,0,0,7.150701457592526,7.715359971769889,0.0,0.0,4.290459441148391,weekly,0.41594691077538715,Very Popular
BUNDLE_DATA,CHARGED,PREPAID,574.0,997.7,0.0,0,24.0,1.0,1,2025,0.12053668025532305,0.992708874098054,winter,1,0,0,1,0,0,0,0,0,0,6.354370040797351,6.906454433249089,0.0,0.0,3.2188758248682006,daily,0.5017588264963257,Very Popular
BUNDLE_DATA,CHARGED,PREPAID,2487.0,3537.18,0.0,0,168.0,7.0,1,2025,0.12053668025532305,0.992708874098054,winter,1,0,0,1,0,0,0,0,0,0,7.81923445385907,8.171367749626825,0.0,0.0,5.1298987149230735,weekly,0.40539597139913697,Very Popular
BUNDLE_DATA,CHARGED,PREPAID,588.0,1078.78,0.0,0,24.0,1.0,1,2025,0.12053668025532305,0.992708874098054,winter,1,0,0,1,0,0,0,0,0,0,6.3784261836515865,6.984512595664144,0.0,0.0,3.2188758248682006,daily,0.5237985501968201,Very Popular
BUNDLE_DATA,CHARGED,PREPAID,749.0,1816.53,0.0,0,24.0,1.0,1,2025,0.12053668025532305,0.992708874098054,winter,1,0,0,1,0,0,0,0,0,0,6.620073206530356,7.50523371546127,0.0,0.0,3.2188758248682006,daily,0.43011869311979345,Very Popular
BUNDLE_DATA,CHARGED,PREPAID,7130.0,9429.83,0.0,0,720.0,30.0,1,2025,0.12053668025532305,0.992708874098054,winter,1,0,0,1,0,0,0,0,0,0,8.872206756028303,9.151739388721364,0.0,0.0,6.580639137284949,monthly,0.3914057039079971,Very Popular
BUNDLE_DATA,CHARGED,PREPAID,368.0,249.3,0.0,0,72.0,3.0,1,2025,0.12053668025532305,0.992708874098054,winter,1,0,0,1,0,0,0,0,0,0,5.910796644040527,5.522660198437729,0.0,0.0,4.290459441148391,weekly,0.4479824615760821,Very Popular
BUNDLE_DATA,CHARGED,PREPAID,586.0,1060.01,0.0,0,24.0,1.0,1,2025,0.12053668025532305,0.992708874098054,winter,1,0,0,1,0,0,0,0,0,0,6.375024819828097,6.966976563640255,0.0,0.0,3.2188758248682006,daily,0.5237985501968201,Very Popular
BUNDLE_DATA,CHARGED,PREPAID,1327.0,1609.63,0.0,0,168.0,7.0,1,2025,0.12053668025532305,0.992708874098054,winter,1,0,0,1,0,0,0,0,0,0,7.191429330036379,7.384380685786755,0.0,0.0,5.1298987149230735,weekly,0.45922038775534996,Very Popular
BUNDLE_DATA,CHARGED,PREPAID,100.0,37.01,0.0,0,24.0,1.0,1,2025,0.12053668025532305,0.992708874098054,winter,1,0,0,1,0,0,0,0,0,0,4.61512051684126,3.6378492830011573,0.0,0.0,3.2188758248682006,daily,0.47060810808396564,Very Popular
BUNDLE_DATA,CHARGED,PREPAID,641.0,1464.44,0.0,0,24.0,1.0,1,2025,0.12053668025532305,0.992708874098054,winter,1,0,0,1,0,0,0,0,0,0,6.464588303689961,7.289910817654677,0.0,0.0,3.2188758248682006,daily,0.5289995488501761,Very Popular
BUNDLE_DATA,CHARGED,PREPAID,1228.0,2149.7,0.0,0,72.0,3.0,1,2025,0.12053668025532305,0.992708874098054,winter,1,0,0,1,0,0,0,0,0,0,7.113956109566034,7.6735486495269365,0.0,0.0,4.290459441148391,weekly,0.4370992065751303,Very Popular
BUNDLE_DATA,CHARGED,PREPAID,627.0,898.98,0.0,0,72.0,3.0,1,2025,0.12053668025532305,0.992708874098054,winter,1,0,0,1,0,0,0,0,0,0,6.4425401664681985,6.802372540855171,0.0,0.0,4.290459441148391,weekly,0.4660788674430609,Very Popular
BUNDLE_DATA,CHARGED,PREPAID,116.0,61.82,0.0,0,24.0,1.0,1,2025,0.12053668025532305,0.992708874098054,winter,1,0,0,1,0,0,0,0,0,0,4.762173934797756,4.140273494110501,0.0,0.0,3.2188758248682006,daily,0.6005434090044136,Very Popular
BUNDLE_DATA,CHARGED,PREPAID,643.0,987.17,0.0,0,72.0,3.0,1,2025,0.12053668025532305,0.992708874098054,winter,1,0,0,1,0,0,0,0,0,0,6.467698726104354,6.8958547477237495,0.0,0.0,4.290459441148391,weekly,0.496089949950042,Very Popular
BUNDLE_DATA,CHARGED,PREPAID,116.0,41.29,0.0,0,72.0,3.0,1,2025,0.12053668025532305,0.992708874098054,winter,1,0,0,1,0,0,0,0,0,0,4.762173934797756,3.7445506514843974,0.0,0.0,4.290459441148391,weekly,0.5733500878742318,Very Popular
BUNDLE_DATA,CHARGED,PREPAID,1071.0,1827.07,0.0,0,72.0,3.0,1,2025,0.12053668025532305,0.992708874098054,winter,1,0,0,1,0,0,0,0,0,0,6.977281341630747,7.511016044497559,0.0,0.0,4.290459441148391,weekly,0.4472142642937027,Very Popular
BUNDLE_DATA,CHARGED,PREPAID,5744.0,7123.35,0.0,0,720.0,30.0,1,2025,0.12053668025532305,0.992708874098054,winter,1,0,0,1,0,0,0,0,0,0,8.656085190282855,8.871273772905143,0.0,0.0,6.580639137284949,monthly,0.48025207447058155,Very Popular
BUNDLE_DATA,CHARGED,PREPAID,572.0,988.28,0.0,0,24.0,1.0,1,2025,0.12053668025532305,0.992708874098054,winter,1,0,0,1,0,0,0,0,0,0,6.35088571671474,6.896977405810259,0.0,0.0,3.2188758248682006,daily,0.5017588264963257,Very Popular
BUNDLE_DATA,CHARGED,PREPAID,531.0,804.12,0.0,0,24.0,1.0,1,2025,0.12053668025532305,0.992708874098054,winter,1,0,0,1,0,0,0,0,0,0,6.2766434893416445,6.690991334631966,0.0,0.0,3.2188758248682006,daily,0.5196189142013582,Very Popular
BUNDLE_DATA,CHARGED,PREPAID,647.0,1517.58,0.0,0,24.0,1.0,1,2025,0.12053668025532305,0.992708874098054,winter,1,0,0,1,0,0,0,0,0,0,6.473890696352274,7.325530966667385,0.0,0.0,3.2188758248682006,daily,0.5329266938625208,Very Popular
BUNDLE_DATA,CHARGED,PREPAID,369.0,372.19,0.0,0,24.0,1.0,1,2025,0.12053668025532305,0.992708874098054,winter,1,0,0,1,0,0,0,0,0,0,5.91350300563827,5.922087673330159,0.0,0.0,3.2188758248682006,daily,0.5213361546557385,Very Popular
BUNDLE_DATA,CHARGED,PREPAID,609.0,809.48,0.0,0,72.0,3.0,1,2025,0.12053668025532305,0.992708874098054,winter,1,0,0,1,0,0,0,0,0,0,6.413458957167357,6.697626664745422,0.0,0.0,4.290459441148391,weekly,0.4776998460277827,Very Popular
BUNDLE_DATA,CHARGED,PREPAID,636.0,1421.6,0.0,0,24.0,1.0,1,2025,0.12053668025532305,0.992708874098054,winter,1,0,0,1,0,0,0,0,0,0,6.456769655572163,7.2602414622994145,0.0,0.0,3.2188758248682006,daily,0.5256115025224575,Very Popular
BUNDLE_DATA,CHARGED,PREPAID,633.0,932.96,0.0,0,72.0,3.0,1,2025,0.12053668025532305,0.992708874098054,winter,1,0,0,1,0,0,0,0,0,0,6.452048954437226,6.839433610759297,0.0,0.0,4.290459441148391,weekly,0.496089949950042,Very Popular
BUNDLE_DATA,CHARGED,PREPAID,2273.0,2069.47,0.0,0,720.0,30.0,1,2025,0.12053668025532305,0.992708874098054,winter,1,0,0,1,0,0,0,0,0,0,7.729295674310482,7.635530913626848,0.0,0.0,6.580639137284949,monthly,0.3881977483276667,Very Popular
BUNDLE_DATA,CHARGED,PREPAID,647.0,690.09,0.0,0,168.0,7.0,1,2025,0.12053668025532305,0.992708874098054,winter,1,0,0,1,0,0,0,0,0,0,6.473890696352274,6.538270061306654,0.0,0.0,5.1298987149230735,weekly,0.4057777191799635,Very Popular
BUNDLE_DATA,CHARGED,PREPAID,449.0,361.37,0.0,0,72.0,3.0,1,2025,0.12053668025532305,0.992708874098054,winter,1,0,0,1,0,0,0,0,0,0,6.1092475827643655,5.892665789285297,0.0,0.0,4.290459441148391,weekly,0.42426236275930485,Very Popular
BUNDLE_DATA,CHARGED,PREPAID,1257.0,2207.5,0.0,0,72.0,3.0,1,2025,0.12053668025532305,0.992708874098054,winter,1,0,0,1,0,0,0,0,0,0,7.1372784372603855,7.700068831036581,0.0,0.0,4.290459441148391,weekly,0.41594691077538715,Very Popular
BUNDLE_DATA,CHARGED,PREPAID,6039.0,7606.7,0.0,0,720.0,30.0,1,2025,0.12053668025532305,0.992708874098054,winter,1,0,0,1,0,0,0,0,0,0,8.706159290928861,8.9369161712711,0.0,0.0,6.580639137284949,monthly,0.46904243370380383,Very Popular
BUNDLE_DATA,CHARGED,PREPAID,917.0,2288.3,0.0,0,24.0,1.0,1,2025,0.12053668025532305,0.992708874098054,winter,1,0,0,1,0,0,0,0,0,0,6.822197390620491,7.736001372963697,0.0,0.0,3.2188758248682006,daily,0.38106138518813626,Very Popular
BUNDLE_DATA,CHARGED,PREPAID,2600.0,2464.07,0.0,0,720.0,30.0,1,2025,0.12053668025532305,0.992708874098054,winter,1,0,0,1,0,0,0,0,0,0,7.8636512654486515,7.80997548363951,0.0,0.0,6.580639137284949,monthly,0.3851076198102793,Very Popular
BUNDLE_DATA,CHARGED,PREPAID,627.0,1345.37,0.0,0,24.0,1.0,1,2025,0.12053668025532305,0.992708874098054,winter,1,0,0,1,0,0,0,0,0,0,6.4425401664681985,7.205167360988428,0.0,0.0,3.2188758248682006,daily,0.4885919926901207,Very Popular
BUNDLE_DATA,CHARGED,PREPAID,825.0,1351.05,0.0,0,72.0,3.0,1,2025,0.12053668025532305,0.992708874098054,winter,1,0,0,1,0,0,0,0,0,0,6.716594773520978,7.209377238167604,0.0,0.0,4.290459441148391,weekly,0.4199570583310555,Very Popular
BUNDLE_DATA,CHARGED,PREPAID,1593.0,2007.7,0.0,0,168.0,7.0,1,2025,0.12053668025532305,0.992708874098054,winter,1,0,0,1,0,0,0,0,0,0,7.374001859350161,7.605243025640503,0.0,0.0,5.1298987149230735,weekly,0.4305796690814715,Very Popular
BUNDLE_DATA,CHARGED,PREPAID,10000.0,523361.06,0.0,0,720.0,30.0,1,2025,0.12053668025532305,0.992708874098054,winter,1,0,0,1,0,0,0,0,0,0,9.210440366976517,13.168028778869632,0.0,0.0,6.580639137284949,monthly,0.39750030789160584,Very Popular
BUNDLE_DATA,CHARGED,PREPAID,960.0,1608.19,0.0,0,72.0,3.0,1,2025,0.12053668025532305,0.992708874098054,winter,1,0,0,1,0,0,0,0,0,0,6.8679744089702925,7.383486225788365,0.0,0.0,4.290459441148391,weekly,0.4482332960801392,Very Popular
BUNDLE_DATA,CHARGED,PREPAID,10000.0,556103.09,0.0,0,720.0,30.0,1,2025,0.12053668025532305,0.992708874098054,winter,1,0,0,1,0,0,0,0,0,0,9.210440366976517,13.228710767940912,0.0,0.0,6.580639137284949,monthly,0.39750030789160584,Very Popular
BUNDLE_DATA,CHARGED,PREPAID,515.0,744.96,0.0,0,24.0,1.0,1,2025,0.12053668025532305,0.992708874098054,winter,1,0,0,1,0,0,0,0,0,0,6.246106765481563,6.614671979463246,0.0,0.0,3.2188758248682006,daily,0.4998622749195278,Very Popular
BUNDLE_DATA,CHARGED,PREPAID,2495.0,3554.18,0.0,0,168.0,7.0,1,2025,0.12053668025532305,0.992708874098054,winter,1,0,0,1,0,0,0,0,0,0,7.822444729489319,8.176160973866931,0.0,0.0,5.1298987149230735,weekly,0.41176929306802174,Very Popular
BUNDLE_DATA,CHARGED,PREPAID,1082.0,2771.03,0.0,0,24.0,1.0,1,2025,0.12053668025532305,0.992708874098054,winter,1,0,0,1,0,0,0,0,0,0,6.9874902470009905,7.927335182762054,0.0,0.0,3.2188758248682006,daily,0.45260256655831516,Very Popular
BUNDLE_DATA,CHARGED,PREPAID,612.0,1233.7,0.0,0,24.0,1.0,1,2025,0.12053668025532305,0.992708874098054,winter,1,0,0,1,0,0,0,0,0,0,6.418364935936212,7.118583304573698,0.0,0.0,3.2188758248682006,daily,0.46189443376881717,Very Popular
BUNDLE_DATA,CHARGED,PREPAID,368.0,246.48,0.0,0,72.0,3.0,1,2025,0.12053668025532305,0.992708874098054,winter,1,0,0,1,0,0,0,0,0,0,5.910796644040527,5.511329770662788,0.0,0.0,4.290459441148391,weekly,0.4479824615760821,Very Popular
BUNDLE_DATA,CHARGED,PREPAID,1119.0,2880.44,0.0,0,24.0,1.0,1,2025,0.12053668025532305,0.992708874098054,winter,1,0,0,1,0,0,0,0,0,0,7.02108396428914,7.966045448171642,0.0,0.0,3.2188758248682006,daily,0.43642032555771787,Very Popular
BUNDLE_DATA,CHARGED,PREPAID,773.0,1883.22,0.0,0,24.0,1.0,1,2025,0.12053668025532305,0.992708874098054,winter,1,0,0,1,0,0,0,0,0,0,6.651571873589727,7.541269221142672,0.0,0.0,3.2188758248682006,daily,0.42254282687323336,Very Popular
BUNDLE_DATA,CHARGED,PREPAID,586.0,1065.67,0.0,0,24.0,1.0,1,2025,0.12053668025532305,0.992708874098054,winter,1,0,0,1,0,0,0,0,0,0,6.375024819828097,6.972296925114826,0.0,0.0,3.2188758248682006,daily,0.5237985501968201,Very Popular
BUNDLE_DATA,CHARGED,PREPAID,6942.0,9114.82,0.0,0,720.0,30.0,1,2025,0.12053668025532305,0.992708874098054,winter,1,0,0,1,0,0,0,0,0,0,8.845489236753274,9.117766644668217,0.0,0.0,6.580639137284949,monthly,0.3937916272049598,Very Popular
BUNDLE_DATA,CHARGED,PREPAID,926.0,1543.86,0.0,0,72.0,3.0,1,2025,0.12053668025532305,0.992708874098054,winter,1,0,0,1,0,0,0,0,0,0,6.831953565565855,7.342688570339337,0.0,0.0,4.290459441148391,weekly,0.4533049792970867,Very Popular
BUNDLE_DATA,CHARGED,PREPAID,144.0,82.72,0.0,0,24.0,1.0,1,2025,0.12053668025532305,0.992708874098054,winter,1,0,0,1,0,0,0,0,0,0,4.976733742420574,4.427477897577799,0.0,0.0,3.2188758248682006,daily,0.4745206236770705,Very Popular
BUNDLE_DATA,CHARGED,PREPAID,685.0,1644.71,0.0,0,24.0,1.0,1,2025,0.12053668025532305,0.992708874098054,winter,1,0,0,1,0,0,0,0,0,0,6.530877627725885,7.405927181024511,0.0,0.0,3.2188758248682006,daily,0.4929552995357121,Very Popular
BUNDLE_DATA,CHARGED,PREPAID,626.0,1334.01,0.0,0,24.0,1.0,1,2025,0.12053668025532305,0.992708874098054,winter,1,0,0,1,0,0,0,0,0,0,6.440946540632921,7.196694061442999,0.0,0.0,3.2188758248682006,daily,0.4885919926901207,Very Popular
BUNDLE_DATA,CHARGED,PREPAID,1505.0,1874.4,0.0,0,168.0,7.0,1,2025,0.12053668025532305,0.992708874098054,winter,1,0,0,1,0,0,0,0,0,0,7.317212408359839,7.536577248985525,0.0,0.0,5.1298987149230735,weekly,0.41023380817671784,Very Popular
BUNDLE_DATA,CHARGED,PREPAID,576.0,1006.55,0.0,0,24.0,1.0,1,2025,0.12053668025532305,0.992708874098054,winter,1,0,0,1,0,0,0,0,0,0,6.3578422665081,6.915276920380983,0.0,0.0,3.2188758248682006,daily,0.71942319044994,Very Popular
BUNDLE_DATA,CHARGED,PREPAID,2265.0,2057.67,0.0,0,720.0,30.0,1,2025,0.12053668025532305,0.992708874098054,winter,1,0,0,1,0,0,0,0,0,0,7.725771441587952,7.6298154222061765,0.0,0.0,6.580639137284949,monthly,0.3881977483276667,Very Popular
BUNDLE_DATA,CHARGED,PREPAID,1381.0,2472.93,0.0,0,72.0,3.0,1,2025,0.12053668025532305,0.992708874098054,winter,1,0,0,1,0,0,0,0,0,0,7.231287004327616,7.813563258291836,0.0,0.0,4.290459441148391,weekly,0.44863662874615634,Very Popular
BUNDLE_DATA,CHARGED,PREPAID,5214.0,9532.02,0.0,0,168.0,7.0,1,2025,0.12053668025532305,0.992708874098054,winter,1,0,0,1,0,0,0,0,0,0,8.559294367434873,9.16251684046683,0.0,0.0,5.1298987149230735,weekly,0.4516168799794635,Very Popular
BUNDLE_DATA,CHARGED,PREPAID,2554.0,8054.57,0.0,0,24.0,1.0,1,2025,0.12053668025532305,0.992708874098054,winter,1,0,0,1,0,0,0,0,0,0,7.845807502637805,8.994119056608387,0.0,0.0,3.2188758248682006,daily,0.42254223759890186,Very Popular
BUNDLE_DATA,CHARGED,PREPAID,100.0,23.78,0.0,0,72.0,3.0,1,2025,0.12053668025532305,0.992708874098054,winter,1,0,0,1,0,0,0,0,0,0,4.61512051684126,3.2100368762009963,0.0,0.0,4.290459441148391,weekly,0.45437490713384054,Very Popular
BUNDLE_DATA,CHARGED,PREPAID,439.0,515.15,0.0,0,24.0,1.0,1,2025,0.12053668025532305,0.992708874098054,winter,1,0,0,1,0,0,0,0,0,0,6.0867747269123065,6.246397420911599,0.0,0.0,3.2188758248682006,daily,0.40126134265787283,Very Popular
BUNDLE_DATA,CHARGED,PREPAID,714.0,1149.44,0.0,0,72.0,3.0,1,2025,0.12053668025532305,0.992708874098054,winter,1,0,0,1,0,0,0,0,0,0,6.5722825426940075,7.047899756876905,0.0,0.0,4.290459441148391,weekly,0.48559863244075807,Very Popular
BUNDLE_DATA,CHARGED,PREPAID,943.0,2364.5,0.0,0,24.0,1.0,1,2025,0.12053668025532305,0.992708874098054,winter,1,0,0,1,0,0,0,0,0,0,6.8501261661455,7.768744695071203,0.0,0.0,3.2188758248682006,daily,0.4002009338958344,Very Popular
BUNDLE_DATA,CHARGED,PREPAID,2310.0,3212.2,0.0,0,168.0,7.0,1,2025,0.12053668025532305,0.992708874098054,winter,1,0,0,1,0,0,0,0,0,0,7.745435610274381,8.075022604299658,0.0,0.0,5.1298987149230735,weekly,0.5352443755993797,Very Popular
BUNDLE_DATA,CHARGED,PREPAID,244.0,197.75,0.0,0,24.0,1.0,1,2025,0.12053668025532305,0.992708874098054,winter,1,0,0,1,0,0,0,0,0,0,5.501258210544727,5.292047753534441,0.0,0.0,3.2188758248682006,daily,0.6204097102195003,Very Popular
BUNDLE_DATA,CHARGED,PREPAID,1192.0,2072.84,0.0,0,72.0,3.0,1,2025,0.12053668025532305,0.992708874098054,winter,1,0,0,1,0,0,0,0,0,0,7.084226422097916,7.637157240201254,0.0,0.0,4.290459441148391,weekly,0.4978093795131141,Very Popular
BUNDLE_DATA,CHARGED,PREPAID,929.0,2321.63,0.0,0,24.0,1.0,1,2025,0.12053668025532305,0.992708874098054,winter,1,0,0,1,0,0,0,0,0,0,6.835184586147301,7.750455443287268,0.0,0.0,3.2188758248682006,daily,0.38106138518813626,Very Popular
BUNDLE_DATA,CHARGED,PREPAID,1219.0,2127.14,0.0,0,72.0,3.0,1,2025,0.12053668025532305,0.992708874098054,winter,1,0,0,1,0,0,0,0,0,0,7.106606137727303,7.663003637771187,0.0,0.0,4.290459441148391,weekly,0.4370992065751303,Very Popular
BUNDLE_DATA,CHARGED,PREPAID,3698.0,8796.76,0.0,0,72.0,3.0,1,2025,0.12053668025532305,0.992708874098054,winter,1,0,0,1,0,0,0,0,0,0,8.215817791832453,9.08225242260956,0.0,0.0,4.290459441148391,weekly,0.3940725551711231,Very Popular
BUNDLE_DATA,CHARGED,PREPAID,655.0,1041.83,0.0,0,72.0,3.0,1,2025,0.12053668025532305,0.992708874098054,winter,1,0,0,1,0,0,0,0,0,0,6.486160788944089,6.94969345034519,0.0,0.0,4.290459441148391,weekly,0.5398712666048979,Very Popular
BUNDLE_DATA,CHARGED,PREPAID,598.0,756.18,0.0,0,72.0,3.0,1,2025,0.12053668025532305,0.992708874098054,winter,1,0,0,1,0,0,0,0,0,0,6.395261598115449,6.629601005885438,0.0,0.0,4.290459441148391,weekly,0.5859385403771383,Very Popular
BUNDLE_DATA,CHARGED,PREPAID,616.0,1262.79,0.0,0,24.0,1.0,1,2025,0.12053668025532305,0.992708874098054,winter,1,0,0,1,0,0,0,0,0,0,6.424869023905388,7.141870421663644,0.0,0.0,3.2188758248682006,daily,0.45881097411109467,Very Popular
BUNDLE_DATA,CHARGED,PREPAID,403.0,292.66,0.0,0,72.0,3.0,1,2025,0.12053668025532305,0.992708874098054,winter,1,0,0,1,0,0,0,0,0,0,6.0014148779611505,5.682422635534792,0.0,0.0,4.290459441148391,weekly,0.4477363255182683,Very Popular
BUNDLE_DATA,CHARGED,PREPAID,639.0,965.33,0.0,0,72.0,3.0,1,2025,0.12053668025532305,0.992708874098054,winter,1,0,0,1,0,0,0,0,0,0,6.461468176353717,6.873505390782263,0.0,0.0,4.290459441148391,weekly,0.496089949950042,Very Popular
BUNDLE_DATA,CHARGED,PREPAID,165.0,66.4,0.0,0,72.0,3.0,1,2025,0.12053668025532305,0.992708874098054,winter,1,0,0,1,0,0,0,0,0,0,5.111987788356544,4.210645017918261,0.0,0.0,4.290459441148391,weekly,0.4456796034120061,Very Popular
BUNDLE_DATA,CHARGED,PREPAID,123.0,66.63,0.0,0,24.0,1.0,1,2025,0.12053668025532305,0.992708874098054,winter,1,0,0,1,0,0,0,0,0,0,4.820281565605037,4.214051671586849,0.0,0.0,3.2188758248682006,daily,0.5765819582831693,Very Popular
BUNDLE_DATA,CHARGED,PREPAID,441.0,523.38,0.0,0,24.0,1.0,1,2025,0.12053668025532305,0.992708874098054,winter,1,0,0,1,0,0,0,0,0,0,6.091309882077698,6.262216612336917,0.0,0.0,3.2188758248682006,daily,0.45582777724879053,Very Popular
BUNDLE_SMS,CHARGED,PREPAID,49.0,0.0,0.0,38,24.0,1.0,1,2025,0.12053668025532305,0.992708874098054,winter,0,0,1,0,0,1,0,0,0,0,3.912023005428146,0.0,0.0,3.6635616461296463,3.2188758248682006,daily,0.6517831080695086,Very Popular
BUNDLE_SMS,CHARGED,PREPAID,196.0,0.0,0.0,447,24.0,1.0,1,2025,0.12053668025532305,0.992708874098054,winter,0,0,1,0,0,1,0,0,0,0,5.2832037287379885,0.0,0.0,6.104793232414985,3.2188758248682006,daily,0.42474657677341826,Very Popular
BUNDLE_SMS,CHARGED,PREPAID,21.0,0.0,0.0,9,72.0,3.0,1,2025,0.12053668025532305,0.992708874098054,winter,0,0,1,0,0,1,0,0,0,0,3.091042453358316,0.0,0.0,2.302585092994046,4.290459441148391,weekly,0.6149961287495008,Very Popular
BUNDLE_SMS,CHARGED,PREPAID,122.0,0.0,0.0,78,168.0,7.0,1,2025,0.12053668025532305,0.992708874098054,winter,0,0,1,0,0,1,0,0,0,0,4.812184355372417,0.0,0.0,4.3694478524670215,5.1298987149230735,weekly,0.5638144107564207,Very Popular
BUNDLE_SMS,CHARGED,PREPAID,74.0,0.0,0.0,71,24.0,1.0,1,2025,0.12053668025532305,0.992708874098054,winter,0,0,1,0,0,1,0,0,0,0,4.31748811353631,0.0,0.0,4.276666119016055,3.2188758248682006,daily,0.592181088132283,Very Popular
BUNDLE_SMS,CHARGED,PREPAID,15.0,0.0,0.0,7,48.0,2.0,1,2025,0.12053668025532305,0.992708874098054,winter,0,0,1,0,0,1,0,0,0,0,2.772588722239781,0.0,0.0,2.0794415416798357,3.8918202981106265,weekly,0.6228824109198252,Very Popular
BUNDLE_SMS,CHARGED,PREPAID,194.0,0.0,0.0,436,24.0,1.0,1,2025,0.12053668025532305,0.992708874098054,winter,0,0,1,0,0,1,0,0,0,0,5.272999558563747,0.0,0.0,6.07993319509559,3.2188758248682006,daily,0.42474657677341826,Very Popular
BUNDLE_SMS,CHARGED,PREPAID,111.0,0.0,0.0,65,168.0,7.0,1,2025,0.12053668025532305,0.992708874098054,winter,0,0,1,0,0,1,0,0,0,0,4.718498871295094,0.0,0.0,4.189654742026425,5.1298987149230735,weekly,0.5855661928462795,Very Popular
BUNDLE_SMS,CHARGED,PREPAID,95.0,0.0,0.0,49,168.0,7.0,1,2025,0.12053668025532305,0.992708874098054,winter,0,0,1,0,0,1,0,0,0,0,4.564348191467836,0.0,0.0,3.912023005428146,5.1298987149230735,weekly,0.517165055826094,Very Popular
BUNDLE_SMS,CHARGED,PREPAID,20.0,0.0,0.0,12,24.0,1.0,1,2025,0.12053668025532305,0.992708874098054,winter,0,0,1,0,0,1,0,0,0,0,3.044522437723423,0.0,0.0,2.5649493574615367,3.2188758248682006,daily,0.5670617402570601,Very Popular
BUNDLE_SMS,CHARGED,PREPAID,43.0,0.0,0.0,32,24.0,1.0,1,2025,0.12053668025532305,0.992708874098054,winter,0,0,1,0,0,1,0,0,0,0,3.784189633918261,0.0,0.0,3.4965075614664802,3.2188758248682006,daily,0.6506347526484585,Very Popular
BUNDLE_SMS,CHARGED,PREPAID,29.0,0.0,0.0,19,24.0,1.0,1,2025,0.12053668025532305,0.992708874098054,winter,0,0,1,0,0,1,0,0,0,0,3.4011973816621555,0.0,0.0,2.995732273553991,3.2188758248682006,daily,0.6485828405587031,Very Popular
BUNDLE_SMS,CHARGED,PREPAID,96.0,0.0,0.0,109,24.0,1.0,1,2025,0.12053668025532305,0.992708874098054,winter,0,0,1,0,0,1,0,0,0,0,4.574710978503383,0.0,0.0,4.700480365792417,3.2188758248682006,daily,0.566148206396435,Very Popular
BUNDLE_SMS,CHARGED,PREPAID,10.0,0.0,0.0,5,48.0,2.0,1,2025,0.12053668025532305,0.992708874098054,winter,0,0,1,0,0,1,0,0,0,0,2.3978952727983707,0.0,0.0,1.791759469228055,3.8918202981106265,weekly,0.6228824109198252,Very Popular
BUNDLE_SMS,CHARGED,PREPAID,92.0,0.0,0.0,68,72.0,3.0,1,2025,0.12053668025532305,0.992708874098054,winter,0,0,1,0,0,1,0,0,0,0,4.532599493153256,0.0,0.0,4.23410650459726,4.290459441148391,weekly,0.7037910797402774,Very Popular
BUNDLE_SMS,CHARGED,PREPAID,39.0,0.0,0.0,13,168.0,7.0,1,2025,0.12053668025532305,0.992708874098054,winter,0,0,1,0,0,1,0,0,0,0,3.6888794541139363,0.0,0.0,2.6390573296152584,5.1298987149230735,weekly,0.5489217639837269,Very Popular
BUNDLE_SMS,CHARGED,PREPAID,78.0,0.0,0.0,77,24.0,1.0,1,2025,0.12053668025532305,0.992708874098054,winter,0,0,1,0,0,1,0,0,0,0,4.3694478524670215,0.0,0.0,4.356708826689592,3.2188758248682006,daily,0.592181088132283,Very Popular
BUNDLE_SMS,CHARGED,PREPAID,46.0,0.0,0.0,16,168.0,7.0,1,2025,0.12053668025532305,0.992708874098054,winter,0,0,1,0,0,1,0,0,0,0,3.8501476017100584,0.0,0.0,2.833213344056216,5.1298987149230735,weekly,0.5489217639837269,Very Popular
BUNDLE_SMS,CHARGED,PREPAID,24.0,0.0,0.0,10,72.0,3.0,1,2025,0.12053668025532305,0.992708874098054,winter,0,0,1,0,0,1,0,0,0,0,3.2188758248682006,0.0,0.0,2.3978952727983707,4.290459441148391,weekly,0.6149961287495008,Very Popular
BUNDLE_SMS,CHARGED,PREPAID,130.0,0.0,0.0,88,168.0,7.0,1,2025,0.12053668025532305,0.992708874098054,winter,0,0,1,0,0,1,0,0,0,0,4.875197323201151,0.0,0.0,4.48863636973214,5.1298987149230735,weekly,0.43918632137013275,Very Popular
BUNDLE_SMS,CHARGED,PREPAID,54.0,0.0,0.0,43,24.0,1.0,1,2025,0.12053668025532305,0.992708874098054,winter,0,0,1,0,0,1,0,0,0,0,4.007333185232471,0.0,0.0,3.784189633918261,3.2188758248682006,daily,0.6517831080695086,Very Popular
BUNDLE_SMS,CHARGED,PREPAID,129.0,0.0,0.0,191,24.0,1.0,1,2025,0.12053668025532305,0.992708874098054,winter,0,0,1,0,0,1,0,0,0,0,4.867534450455582,0.0,0.0,5.2574953720277815,3.2188758248682006,daily,0.4465715979303519,Very Popular
BUNDLE_SMS,CHARGED,PREPAID,87.0,0.0,0.0,42,168.0,7.0,1,2025,0.12053668025532305,0.992708874098054,winter,0,0,1,0,0,1,0,0,0,0,4.477336814478207,0.0,0.0,3.7612001156935624,5.1298987149230735,weekly,0.5351402611485774,Very Popular
BUNDLE_SMS,CHARGED,PREPAID,44.0,0.0,0.0,15,168.0,7.0,1,2025,0.12053668025532305,0.992708874098054,winter,0,0,1,0,0,1,0,0,0,0,3.8066624897703196,0.0,0.0,2.772588722239781,5.1298987149230735,weekly,0.5489217639837269,Very Popular
BUNDLE_SMS,CHARGED,PREPAID,37.0,0.0,0.0,26,24.0,1.0,1,2025,0.12053668025532305,0.992708874098054,winter,0,0,1,0,0,1,0,0,0,0,3.6375861597263857,0.0,0.0,3.295836866004329,3.2188758248682006,daily,0.6485828405587031,Very Popular
BUNDLE_SMS,CHARGED,PREPAID,10.0,0.0,0.0,6,24.0,1.0,1,2025,0.12053668025532305,0.992708874098054,winter,0,0,1,0,0,1,0,0,0,0,2.3978952727983707,0.0,0.0,1.9459101490553132,3.2188758248682006,daily,0.5670617402570601,Very Popular
BUNDLE_SMS,CHARGED,PREPAID,8.0,0.0,0.0,4,48.0,2.0,1,2025,0.12053668025532305,0.992708874098054,winter,0,0,1,0,0,1,0,0,0,0,2.1972245773362196,0.0,0.0,1.6094379124341003,3.8918202981106265,weekly,0.6228824109198252,Very Popular
BUNDLE_SMS,CHARGED,PREPAID,34.0,0.0,0.0,23,24.0,1.0,1,2025,0.12053668025532305,0.992708874098054,winter,0,0,1,0,0,1,0,0,0,0,3.5553480614894135,0.0,0.0,3.1780538303479458,3.2188758248682006,daily,0.6485828405587031,Very Popular
BUNDLE_SMS,CHARGED,PREPAID,68.0,0.0,0.0,28,168.0,7.0,1,2025,0.12053668025532305,0.992708874098054,winter,0,0,1,0,0,1,0,0,0,0,4.23410650459726,0.0,0.0,3.367295829986474,5.1298987149230735,weekly,0.5489217639837269,Very Popular
BUNDLE_SMS,CHARGED,PREPAID,56.0,0.0,0.0,21,168.0,7.0,1,2025,0.12053668025532305,0.992708874098054,winter,0,0,1,0,0,1,0,0,0,0,4.04305126783455,0.0,0.0,3.091042453358316,5.1298987149230735,weekly,0.5489217639837269,Very Popular
BUNDLE_SMS,CHARGED,PREPAID,30.0,0.0,0.0,20,24.0,1.0,1,2025,0.12053668025532305,0.992708874098054,winter,0,0,1,0,0,1,0,0,0,0,3.4339872044851463,0.0,0.0,3.044522437723423,3.2188758248682006,daily,0.6485828405587031,Very Popular
BUNDLE_SMS,CHARGED,PREPAID,67.0,0.0,0.0,60,24.0,1.0,1,2025,0.12053668025532305,0.992708874098054,winter,0,0,1,0,0,1,0,0,0,0,4.219507705176107,0.0,0.0,4.110873864173311,3.2188758248682006,daily,0.6071109463884828,Very Popular
BUNDLE_SMS,CHARGED,PREPAID,17.0,0.0,0.0,10,24.0,1.0,1,2025,0.12053668025532305,0.992708874098054,winter,0,0,1,0,0,1,0,0,0,0,2.8903717578961645,0.0,0.0,2.3978952727983707,3.2188758248682006,daily,0.5670617402570601,Very Popular
BUNDLE_SMS,CHARGED,PREPAID,43.0,0.0,0.0,21,72.0,3.0,1,2025,0.12053668025532305,0.992708874098054,winter,0,0,1,0,0,1,0,0,0,0,3.784189633918261,0.0,0.0,3.091042453358316,4.290459441148391,weekly,0.7153923170747314,Very Popular
BUNDLE_SMS,CHARGED,PREPAID,50.0,0.0,0.0,39,24.0,1.0,1,2025,0.12053668025532305,0.992708874098054,winter,0,0,1,0,0,1,0,0,0,0,3.9318256327243257,0.0,0.0,3.6888794541139363,3.2188758248682006,daily,0.6517831080695086,Very Popular
BUNDLE_SMS,CHARGED,PREPAID,117.0,0.0,0.0,72,168.0,7.0,1,2025,0.12053668025532305,0.992708874098054,winter,0,0,1,0,0,1,0,0,0,0,4.770684624465665,0.0,0.0,4.290459441148391,5.1298987149230735,weekly,0.587775861477665,Very Popular
BUNDLE_SMS,CHARGED,PREPAID,60.0,0.0,0.0,34,72.0,3.0,1,2025,0.12053668025532305,0.992708874098054,winter,0,0,1,0,0,1,0,0,0,0,4.110873864173311,0.0,0.0,3.5553480614894135,4.290459441148391,weekly,0.7153923170747314,Very Popular
BUNDLE_SMS,CHARGED,PREPAID,42.0,0.0,0.0,14,168.0,7.0,1,2025,0.12053668025532305,0.992708874098054,winter,0,0,1,0,0,1,0,0,0,0,3.7612001156935624,0.0,0.0,2.70805020110221,5.1298987149230735,weekly,0.5489217639837269,Very Popular
BUNDLE_SMS,CHARGED,PREPAID,51.0,0.0,0.0,27,72.0,3.0,1,2025,0.12053668025532305,0.992708874098054,winter,0,0,1,0,0,1,0,0,0,0,3.9512437185814275,0.0,0.0,3.332204510175204,4.290459441148391,weekly,0.7153923170747314,Very Popular
BUNDLE_SMS,CHARGED,PREPAID,100.0,0.0,0.0,54,168.0,7.0,1,2025,0.12053668025532305,0.992708874098054,winter,0,0,1,0,0,1,0,0,0,0,4.61512051684126,0.0,0.0,4.007333185232471,5.1298987149230735,weekly,0.6209414342534831,Very Popular
BUNDLE_SMS,CHARGED,PREPAID,47.0,0.0,0.0,36,24.0,1.0,1,2025,0.12053668025532305,0.992708874098054,winter,0,0,1,0,0,1,0,0,0,0,3.871201010907891,0.0,0.0,3.6109179126442243,3.2188758248682006,daily,0.6506347526484585,Very Popular
BUNDLE_SMS,CHARGED,PREPAID,17.0,0.0,0.0,8,48.0,2.0,1,2025,0.12053668025532305,0.992708874098054,winter,0,0,1,0,0,1,0,0,0,0,2.8903717578961645,0.0,0.0,2.1972245773362196,3.8918202981106265,weekly,0.6228824109198252,Very Popular
BUNDLE_SMS,CHARGED,PREPAID,50.0,0.0,0.0,18,168.0,7.0,1,2025,0.12053668025532305,0.992708874098054,winter,0,0,1,0,0,1,0,0,0,0,3.9318256327243257,0.0,0.0,2.9444389791664403,5.1298987149230735,weekly,0.5489217639837269,Very Popular
BUNDLE_SMS,CHARGED,PREPAID,88.0,0.0,0.0,43,168.0,7.0,1,2025,0.12053668025532305,0.992708874098054,winter,0,0,1,0,0,1,0,0,0,0,4.48863636973214,0.0,0.0,3.784189633918261,5.1298987149230735,weekly,0.5351402611485774,Very Popular
BUNDLE_SMS,CHARGED,PREPAID,17.0,0.0,0.0,5,168.0,7.0,1,2025,0.12053668025532305,0.992708874098054,winter,0,0,1,0,0,1,0,0,0,0,2.8903717578961645,0.0,0.0,1.791759469228055,5.1298987149230735,weekly,0.477385418919215,Very Popular
BUNDLE_SMS,CHARGED,PREPAID,5.0,0.0,0.0,1,24.0,1.0,1,2025,0.12053668025532305,0.992708874098054,winter,0,0,1,0,0,1,0,0,0,0,1.791759469228055,0.0,0.0,0.6931471805599453,3.2188758248682006,daily,0.5670617402570601,Very Popular
BUNDLE_SMS,CHARGED,PREPAID,65.0,0.0,0.0,46,48.0,2.0,1,2025,0.12053668025532305,0.992708874098054,winter,0,0,1,0,0,1,0,0,0,0,4.189654742026425,0.0,0.0,3.8501476017100584,3.8918202981106265,weekly,0.7152012403917769,Very Popular
BUNDLE_SMS,CHARGED,PREPAID,5.0,0.0,0.0,1,168.0,7.0,1,2025,0.12053668025532305,0.992708874098054,winter,0,0,1,0,0,1,0,0,0,0,1.791759469228055,0.0,0.0,0.6931471805599453,5.1298987149230735,weekly,0.477385418919215,Very Popular
BUNDLE_SMS,CHARGED,PREPAID,86.0,0.0,0.0,72,48.0,2.0,1,2025,0.12053668025532305,0.992708874098054,winter,0,0,1,0,0,1,0,0,0,0,4.465908118654584,0.0,0.0,4.290459441148391,3.8918202981106265,weekly,0.6849552823528063,Very Popular
BUNDLE_SMS,CHARGED,PREPAID,52.0,0.0,0.0,19,168.0,7.0,1,2025,0.12053668025532305,0.992708874098054,winter,0,0,1,0,0,1,0,0,0,0,3.970291913552122,0.0,0.0,2.995732273553991,5.1298987149230735,weekly,0.5489217639837269,Very Popular
BUNDLE_SMS,CHARGED,PREPAID,187.0,0.0,0.0,270,72.0,3.0,1,2025,0.12053668025532305,0.992708874098054,winter,0,0,1,0,0,1,0,0,0,0,5.236441962829949,0.0,0.0,5.602118820879701,4.290459441148391,weekly,0.5925554023165883,Very Popular
BUNDLE_SMS,CHARGED,PREPAID,37.0,0.0,0.0,12,168.0,7.0,1,2025,0.12053668025532305,0.992708874098054,winter,0,0,1,0,0,1,0,0,0,0,3.6375861597263857,0.0,0.0,2.5649493574615367,5.1298987149230735,weekly,0.49077641138225975,Very Popular
BUNDLE_SMS,CHARGED,PREPAID,104.0,0.0,0.0,84,72.0,3.0,1,2025,0.12053668025532305,0.992708874098054,winter,0,0,1,0,0,1,0,0,0,0,4.653960350157523,0.0,0.0,4.442651256490317,4.290459441148391,weekly,0.6021617695537138,Very Popular
BUNDLE_SMS,CHARGED,PREPAID,14.0,0.0,0.0,8,24.0,1.0,1,2025,0.12053668025532305,0.992708874098054,winter,0,0,1,0,0,1,0,0,0,0,2.70805020110221,0.0,0.0,2.1972245773362196,3.2188758248682006,daily,0.5670617402570601,Very Popular
BUNDLE_SMS,CHARGED,PREPAID,92.0,0.0,0.0,82,48.0,2.0,1,2025,0.12053668025532305,0.992708874098054,winter,0,0,1,0,0,1,0,0,0,0,4.532599493153256,0.0,0.0,4.418840607796598,3.8918202981106265,weekly,0.6849552823528063,Very Popular
BUNDLE_SMS,CHARGED,PREPAID,198.0,0.0,0.0,305,72.0,3.0,1,2025,0.12053668025532305,0.992708874098054,winter,0,0,1,0,0,1,0,0,0,0,5.293304824724492,0.0,0.0,5.723585101952381,4.290459441148391,weekly,0.5034734509855768,Very Popular
BUNDLE_SMS,CHARGED,PREPAID,10.0,0.0,0.0,3,168.0,7.0,1,2025,0.12053668025532305,0.992708874098054,winter,0,0,1,0,0,1,0,0,0,0,2.3978952727983707,0.0,0.0,1.3862943611198906,5.1298987149230735,weekly,0.477385418919215,Very Popular
BUNDLE_SMS,CHARGED,PREPAID,52.0,0.0,0.0,41,24.0,1.0,1,2025,0.12053668025532305,0.992708874098054,winter,0,0,1,0,0,1,0,0,0,0,3.970291913552122,0.0,0.0,3.7376696182833684,3.2188758248682006,daily,0.6517831080695086,Very Popular
BUNDLE_SMS,CHARGED,PREPAID,68.0,0.0,0.0,41,72.0,3.0,1,2025,0.12053668025532305,0.992708874098054,winter,0,0,1,0,0,1,0,0,0,0,4.23410650459726,0.0,0.0,3.7376696182833684,4.290459441148391,weekly,0.7165406724957815,Very Popular
BUNDLE_SMS,CHARGED,PREPAID,82.0,0.0,0.0,84,24.0,1.0,1,2025,0.12053668025532305,0.992708874098054,winter,0,0,1,0,0,1,0,0,0,0,4.418840607796598,0.0,0.0,4.442651256490317,3.2188758248682006,daily,0.592181088132283,Very Popular
BUNDLE_SMS,CHARGED,PREPAID,144.0,0.0,0.0,108,168.0,7.0,1,2025,0.12053668025532305,0.992708874098054,winter,0,0,1,0,0,1,0,0,0,0,4.976733742420574,0.0,0.0,4.6913478822291435,5.1298987149230735,weekly,0.3830742233201223,Very Popular
BUNDLE_SMS,CHARGED,PREPAID,78.0,0.0,0.0,35,168.0,7.0,1,2025,0.12053668025532305,0.992708874098054,winter,0,0,1,0,0,1,0,0,0,0,4.3694478524670215,0.0,0.0,3.58351893845611,5.1298987149230735,weekly,0.5339919057275273,Very Popular
BUNDLE_SMS,CHARGED,PREPAID,101.0,0.0,0.0,55,168.0,7.0,1,2025,0.12053668025532305,0.992708874098054,winter,0,0,1,0,0,1,0,0,0,0,4.624972813284271,0.0,0.0,4.02535169073515,5.1298987149230735,weekly,0.6209414342534831,Very Popular
BUNDLE_SMS,CHARGED,PREPAID,5.0,0.0,0.0,2,24.0,1.0,1,2025,0.12053668025532305,0.992708874098054,winter,0,0,1,0,0,1,0,0,0,0,1.791759469228055,0.0,0.0,1.0986122886681098,3.2188758248682006,daily,0.5670617402570601,Very Popular
BUNDLE_SMS,CHARGED,PREPAID,15.0,0.0,0.0,9,24.0,1.0,1,2025,0.12053668025532305,0.992708874098054,winter,0,0,1,0,0,1,0,0,0,0,2.772588722239781,0.0,0.0,2.302585092994046,3.2188758248682006,daily,0.5670617402570601,Very Popular
BUNDLE_SMS,CHARGED,PREPAID,64.0,0.0,0.0,26,168.0,7.0,1,2025,0.12053668025532305,0.992708874098054,winter,0,0,1,0,0,1,0,0,0,0,4.174387269895637,0.0,0.0,3.295836866004329,5.1298987149230735,weekly,0.5489217639837269,Very Popular
BUNDLE_SMS,CHARGED,PREPAID,32.0,0.0,0.0,10,168.0,7.0,1,2025,0.12053668025532305,0.992708874098054,winter,0,0,1,0,0,1,0,0,0,0,3.4965075614664802,0.0,0.0,2.3978952727983707,5.1298987149230735,weekly,0.49077641138225975,Very Popular
BUNDLE_SMS,CHARGED,PREPAID,19.0,0.0,0.0,8,72.0,3.0,1,2025,0.12053668025532305,0.992708874098054,winter,0,0,1,0,0,1,0,0,0,0,2.995732273553991,0.0,0.0,2.1972245773362196,4.290459441148391,weekly,0.6149961287495008,Very Popular
BUNDLE_SMS,CHARGED,PREPAID,102.0,0.0,0.0,56,168.0,7.0,1,2025,0.12053668025532305,0.992708874098054,winter,0,0,1,0,0,1,0,0,0,0,4.634728988229636,0.0,0.0,4.04305126783455,5.1298987149230735,weekly,0.6209414342534831,Very Popular
BUNDLE_SMS,CHARGED,PREPAID,98.0,0.0,0.0,52,168.0,7.0,1,2025,0.12053668025532305,0.992708874098054,winter,0,0,1,0,0,1,0,0,0,0,4.59511985013459,0.0,0.0,3.970291913552122,5.1298987149230735,weekly,0.517165055826094,Very Popular
BUNDLE_SMS,CHARGED,PREPAID,101.0,0.0,0.0,119,24.0,1.0,1,2025,0.12053668025532305,0.992708874098054,winter,0,0,1,0,0,1,0,0,0,0,4.624972813284271,0.0,0.0,4.787491742782046,3.2188758248682006,daily,0.6766208547520897,Very Popular
BUNDLE_SMS,CHARGED,PREPAID,121.0,0.0,0.0,77,168.0,7.0,1,2025,0.12053668025532305,0.992708874098054,winter,0,0,1,0,0,1,0,0,0,0,4.804021044733257,0.0,0.0,4.356708826689592,5.1298987149230735,weekly,0.5823261357856381,Very Popular
BUNDLE_SMS,CHARGED,PREPAID,82.0,0.0,0.0,67,48.0,2.0,1,2025,0.12053668025532305,0.992708874098054,winter,0,0,1,0,0,1,0,0,0,0,4.418840607796598,0.0,0.0,4.219507705176107,3.8918202981106265,weekly,0.6849552823528063,Very Popular
BUNDLE_SMS,CHARGED,PREPAID,116.0,0.0,0.0,71,168.0,7.0,1,2025,0.12053668025532305,0.992708874098054,winter,0,0,1,0,0,1,0,0,0,0,4.762173934797756,0.0,0.0,4.276666119016055,5.1298987149230735,weekly,0.587775861477665,Very Popular
BUNDLE_SMS,CHARGED,PREPAID,66.0,0.0,0.0,27,168.0,7.0,1,2025,0.12053668025532305,0.992708874098054,winter,0,0,1,0,0,1,0,0,0,0,4.204692619390966,0.0,0.0,3.332204510175204,5.1298987149230735,weekly,0.5489217639837269,Very Popular
BUNDLE_SMS,CHARGED,PREPAID,48.0,0.0,0.0,17,168.0,7.0,1,2025,0.12053668025532305,0.992708874098054,winter,0,0,1,0,0,1,0,0,0,0,3.8918202981106265,0.0,0.0,2.8903717578961645,5.1298987149230735,weekly,0.5489217639837269,Very Popular
BUNDLE_SMS,CHARGED,PREPAID,40.0,0.0,0.0,19,72.0,3.0,1,2025,0.12053668025532305,0.992708874098054,winter,0,0,1,0,0,1,0,0,0,0,3.713572066704308,0.0,0.0,2.995732273553991,4.290459441148391,weekly,0.7153923170747314,Very Popular
BUNDLE_SMS,CHARGED,PREPAID,46.0,0.0,0.0,35,24.0,1.0,1,2025,0.12053668025532305,0.992708874098054,winter,0,0,1,0,0,1,0,0,0,0,3.8501476017100584,0.0,0.0,3.58351893845611,3.2188758248682006,daily,0.6506347526484585,Very Popular
BUNDLE_SMS,CHARGED,PREPAID,65.0,0.0,0.0,58,24.0,1.0,1,2025,0.12053668025532305,0.992708874098054,winter,0,0,1,0,0,1,0,0,0,0,4.189654742026425,0.0,0.0,4.07753744390572,3.2188758248682006,daily,0.6071109463884828,Very Popular
BUNDLE_SMS,CHARGED,PREPAID,29.0,0.0,0.0,9,168.0,7.0,1,2025,0.12053668025532305,0.992708874098054,winter,0,0,1,0,0,1,0,0,0,0,3.4011973816621555,0.0,0.0,2.302585092994046,5.1298987149230735,weekly,0.49077641138225975,Very Popular
BUNDLE_SMS,CHARGED,PREPAID,93.0,0.0,0.0,47,168.0,7.0,1,2025,0.12053668025532305,0.992708874098054,winter,0,0,1,0,0,1,0,0,0,0,4.543294782270004,0.0,0.0,3.871201010907891,5.1298987149230735,weekly,0.5099398544400621,Very Popular
BUNDLE_SMS,CHARGED,PREPAID,89.0,0.0,0.0,44,168.0,7.0,1,2025,0.12053668025532305,0.992708874098054,winter,0,0,1,0,0,1,0,0,0,0,4.499809670330265,0.0,0.0,3.8066624897703196,5.1298987149230735,weekly,0.5351402611485774,Very Popular
BUNDLE_SMS,CHARGED,PREPAID,71.0,0.0,0.0,44,72.0,3.0,1,2025,0.12053668025532305,0.992708874098054,winter,0,0,1,0,0,1,0,0,0,0,4.276666119016055,0.0,0.0,3.8066624897703196,4.290459441148391,weekly,0.7016108142395818,Very Popular
BUNDLE_SMS,CHARGED,PREPAID,216.0,0.0,0.0,437,48.0,2.0,1,2025,0.12053668025532305,0.992708874098054,winter,0,0,1,0,0,1,0,0,0,0,5.37989735354046,0.0,0.0,6.082218910376446,3.8918202981106265,weekly,0.42653098496695663,Very Popular
BUNDLE_SMS,CHARGED,PREPAID,86.0,0.0,0.0,61,72.0,3.0,1,2025,0.12053668025532305,0.992708874098054,winter,0,0,1,0,0,1,0,0,0,0,4.465908118654584,0.0,0.0,4.127134385045092,4.290459441148391,weekly,0.7037910797402774,Very Popular
BUNDLE_SMS,CHARGED,PREPAID,81.0,0.0,0.0,82,24.0,1.0,1,2025,0.12053668025532305,0.992708874098054,winter,0,0,1,0,0,1,0,0,0,0,4.406719247264253,0.0,0.0,4.418840607796598,3.2188758248682006,daily,0.592181088132283,Very Popular
BUNDLE_SMS,CHARGED,PREPAID,71.0,0.0,0.0,30,168.0,7.0,1,2025,0.12053668025532305,0.992708874098054,winter,0,0,1,0,0,1,0,0,0,0,4.276666119016055,0.0,0.0,3.4339872044851463,5.1298987149230735,weekly,0.5339919057275273,Very Popular
BUNDLE_SMS,CHARGED,PREPAID,109.0,0.0,0.0,63,168.0,7.0,1,2025,0.12053668025532305,0.992708874098054,winter,0,0,1,0,0,1,0,0,0,0,4.700480365792417,0.0,0.0,4.1588830833596715,5.1298987149230735,weekly,0.5855661928462795,Very Popular
BUNDLE_SMS,CHARGED,PREPAID,144.0,0.0,0.0,107,168.0,7.0,1,2025,0.12053668025532305,0.992708874098054,winter,0,0,1,0,0,1,0,0,0,0,4.976733742420574,0.0,0.0,4.68213122712422,5.1298987149230735,weekly,0.3830742233201223,Very Popular
BUNDLE_SMS,CHARGED,PREPAID,24.0,0.0,0.0,12,48.0,2.0,1,2025,0.12053668025532305,0.992708874098054,winter,0,0,1,0,0,1,0,0,0,0,3.2188758248682006,0.0,0.0,2.5649493574615367,3.8918202981106265,weekly,0.6228824109198252,Very Popular
BUNDLE_SMS,CHARGED,PREPAID,129.0,0.0,0.0,126,72.0,3.0,1,2025,0.12053668025532305,0.992708874098054,winter,0,0,1,0,0,1,0,0,0,0,4.867534450455582,0.0,0.0,4.844187086458591,4.290459441148391,weekly,0.535974229683988,Very Popular
BUNDLE_SMS,CHARGED,PREPAID,21.0,0.0,0.0,6,168.0,7.0,1,2025,0.12053668025532305,0.992708874098054,winter,0,0,1,0,0,1,0,0,0,0,3.091042453358316,0.0,0.0,1.9459101490553132,5.1298987149230735,weekly,0.477385418919215,Very Popular
BUNDLE_SMS,CHARGED,PREPAID,76.0,0.0,0.0,59,48.0,2.0,1,2025,0.12053668025532305,0.992708874098054,winter,0,0,1,0,0,1,0,0,0,0,4.343805421853684,0.0,0.0,4.0943445622221,3.8918202981106265,weekly,0.6849552823528063,Very Popular
BUNDLE_SMS,CHARGED,PREPAID,30.0,0.0,0.0,16,48.0,2.0,1,2025,0.12053668025532305,0.992708874098054,winter,0,0,1,0,0,1,0,0,0,0,3.4339872044851463,0.0,0.0,2.833213344056216,3.8918202981106265,weekly,0.7120009728809714,Very Popular
BUNDLE_SMS,CHARGED,PREPAID,108.0,0.0,0.0,108,48.0,2.0,1,2025,0.12053668025532305,0.992708874098054,winter,0,0,1,0,0,1,0,0,0,0,4.6913478822291435,0.0,0.0,4.6913478822291435,3.8918202981106265,weekly,0.5598699447102262,Very Popular
BUNDLE_SMS,CHARGED,PREPAID,51.0,0.0,0.0,40,24.0,1.0,1,2025,0.12053668025532305,0.992708874098054,winter,0,0,1,0,0,1,0,0,0,0,3.9512437185814275,0.0,0.0,3.713572066704308,3.2188758248682006,daily,0.6517831080695086,Very Popular
BUNDLE_SMS,CHARGED,PREPAID,85.0,0.0,0.0,41,168.0,7.0,1,2025,0.12053668025532305,0.992708874098054,winter,0,0,1,0,0,1,0,0,0,0,4.454347296253507,0.0,0.0,3.7376696182833684,5.1298987149230735,weekly,0.5351402611485774,Very Popular
BUNDLE_SMS,CHARGED,PREPAID,59.0,0.0,0.0,49,24.0,1.0,1,2025,0.12053668025532305,0.992708874098054,winter,0,0,1,0,0,1,0,0,0,0,4.0943445622221,0.0,0.0,3.912023005428146,3.2188758248682006,daily,0.6590083094555408,Very Popular
BUNDLE_SMS,CHARGED,PREPAID,75.0,0.0,0.0,33,168.0,7.0,1,2025,0.12053668025532305,0.992708874098054,winter,0,0,1,0,0,1,0,0,0,0,4.330733340286331,0.0,0.0,3.5263605246161616,5.1298987149230735,weekly,0.5339919057275273,Very Popular
BUNDLE_SMS,CHARGED,PREPAID,54.0,0.0,0.0,44,24.0,1.0,1,2025,0.12053668025532305,0.992708874098054,winter,0,0,1,0,0,1,0,0,0,0,4.007333185232471,0.0,0.0,3.8066624897703196,3.2188758248682006,daily,0.6517831080695086,Very Popular
BUNDLE_SMS,CHARGED,PREPAID,39.0,0.0,0.0,22,48.0,2.0,1,2025,0.12053668025532305,0.992708874098054,winter,0,0,1,0,0,1,0,0,0,0,3.6888794541139363,0.0,0.0,3.1354942159291497,3.8918202981106265,weekly,0.7120009728809714,Very Popular
BUNDLE_SMS,CHARGED,PREPAID,45.0,0.0,0.0,27,48.0,2.0,1,2025,0.12053668025532305,0.992708874098054,winter,0,0,1,0,0,1,0,0,0,0,3.828641396489095,0.0,0.0,3.332204510175204,3.8918202981106265,weekly,0.7120009728809714,Very Popular
BUNDLE_SMS,CHARGED,PREPAID,74.0,0.0,0.0,57,48.0,2.0,1,2025,0.12053668025532305,0.992708874098054,winter,0,0,1,0,0,1,0,0,0,0,4.31748811353631,0.0,0.0,4.060443010546419,3.8918202981106265,weekly,0.6849552823528063,Very Popular
BUNDLE_SMS,CHARGED,PREPAID,119.0,0.0,0.0,109,72.0,3.0,1,2025,0.12053668025532305,0.992708874098054,winter,0,0,1,0,0,1,0,0,0,0,4.787491742782046,0.0,0.0,4.700480365792417,4.290459441148391,weekly,0.7534139395413367,Very Popular
BUNDLE_SMS,CHARGED,PREPAID,48.0,0.0,0.0,25,72.0,3.0,1,2025,0.12053668025532305,0.992708874098054,winter,0,0,1,0,0,1,0,0,0,0,3.8918202981106265,0.0,0.0,3.258096538021482,4.290459441148391,weekly,0.7153923170747314,Very Popular
BUNDLE_SMS,CHARGED,PREPAID,241.0,0.0,0.0,459,72.0,3.0,1,2025,0.12053668025532305,0.992708874098054,winter,0,0,1,0,0,1,0,0,0,0,5.488937726156687,0.0,0.0,6.131226489483141,4.290459441148391,weekly,0.38201603098009285,Very Popular
BUNDLE_SMS,CHARGED,PREPAID,25.0,0.0,0.0,13,48.0,2.0,1,2025,0.12053668025532305,0.992708874098054,winter,0,0,1,0,0,1,0,0,0,0,3.258096538021482,0.0,0.0,2.6390573296152584,3.8918202981106265,weekly,0.6986099804179268,Very Popular
BUNDLE_SMS,CHARGED,PREPAID,27.0,0.0,0.0,8,168.0,7.0,1,2025,0.12053668025532305,0.992708874098054,winter,0,0,1,0,0,1,0,0,0,0,3.332204510175204,0.0,0.0,2.1972245773362196,5.1298987149230735,weekly,0.49077641138225975,Very Popular
BUNDLE_SMS,CHARGED,PREPAID,22.0,0.0,0.0,14,24.0,1.0,1,2025,0.12053668025532305,0.992708874098054,winter,0,0,1,0,0,1,0,0,0,0,3.1354942159291497,0.0,0.0,2.70805020110221,3.2188758248682006,daily,0.6427893097551617,Very Popular
BUNDLE_SMS,CHARGED,PREPAID,72.0,0.0,0.0,67,24.0,1.0,1,2025,0.12053668025532305,0.992708874098054,winter,0,0,1,0,0,1,0,0,0,0,4.290459441148391,0.0,0.0,4.219507705176107,3.2188758248682006,daily,0.592181088132283,Very Popular
BUNDLE_SMS,CHARGED,PREPAID,36.0,0.0,0.0,25,24.0,1.0,1,2025,0.12053668025532305,0.992708874098054,winter,0,0,1,0,0,1,0,0,0,0,3.6109179126442243,0.0,0.0,3.258096538021482,3.2188758248682006,daily,0.6485828405587031,Very Popular
BUNDLE_SMS,CHARGED,PREPAID,59.0,0.0,0.0,23,168.0,7.0,1,2025,0.12053668025532305,0.992708874098054,winter,0,0,1,0,0,1,0,0,0,0,4.0943445622221,0.0,0.0,3.1780538303479458,5.1298987149230735,weekly,0.5489217639837269,Very Popular
BUNDLE_SMS,CHARGED,PREPAID,112.0,0.0,0.0,66,168.0,7.0,1,2025,0.12053668025532305,0.992708874098054,winter,0,0,1,0,0,1,0,0,0,0,4.727387818712341,0.0,0.0,4.204692619390966,5.1298987149230735,weekly,0.5855661928462795,Very Popular
BUNDLE_SMS,CHARGED,PREPAID,187.0,0.0,0.0,325,48.0,2.0,1,2025,0.12053668025532305,0.992708874098054,winter,0,0,1,0,0,1,0,0,0,0,5.236441962829949,0.0,0.0,5.786897381366708,3.8918202981106265,weekly,0.5883354770679233,Very Popular
BUNDLE_SMS,CHARGED,PREPAID,27.0,0.0,0.0,17,24.0,1.0,1,2025,0.12053668025532305,0.992708874098054,winter,0,0,1,0,0,1,0,0,0,0,3.332204510175204,0.0,0.0,2.8903717578961645,3.2188758248682006,daily,0.6485828405587031,Very Popular
BUNDLE_SMS,CHARGED,PREPAID,26.0,0.0,0.0,11,72.0,3.0,1,2025,0.12053668025532305,0.992708874098054,winter,0,0,1,0,0,1,0,0,0,0,3.295836866004329,0.0,0.0,2.4849066497880004,4.290459441148391,weekly,0.6283871212125455,Very Popular
BUNDLE_SMS,CHARGED,PREPAID,89.0,0.0,0.0,96,24.0,1.0,1,2025,0.12053668025532305,0.992708874098054,winter,0,0,1,0,0,1,0,0,0,0,4.499809670330265,0.0,0.0,4.574710978503383,3.2188758248682006,daily,0.5913486131049506,Very Popular
BUNDLE_SMS,CHARGED,PREPAID,69.0,0.0,0.0,63,24.0,1.0,1,2025,0.12053668025532305,0.992708874098054,winter,0,0,1,0,0,1,0,0,0,0,4.248495242049359,0.0,0.0,4.1588830833596715,3.2188758248682006,daily,0.6071109463884828,Very Popular
BUNDLE_SMS,CHARGED,PREPAID,198.0,0.0,0.0,454,24.0,1.0,1,2025,0.12053668025532305,0.992708874098054,winter,0,0,1,0,0,1,0,0,0,0,5.293304824724492,0.0,0.0,6.12029741895095,3.2188758248682006,daily,0.45642691061045304,Very Popular
BUNDLE_SMS,CHARGED,PREPAID,103.0,0.0,0.0,57,168.0,7.0,1,2025,0.12053668025532305,0.992708874098054,winter,0,0,1,0,0,1,0,0,0,0,4.6443908991413725,0.0,0.0,4.060443010546419,5.1298987149230735,weekly,0.5987295006081143,Very Popular
BUNDLE_SMS,CHARGED,PREPAID,5.0,0.0,0.0,0,24.0,1.0,1,2025,0.12053668025532305,0.992708874098054,winter,0,0,0,0,0,0,0,0,0,0,1.791759469228055,0.0,0.0,0.0,3.2188758248682006,daily,0.5212224901877125,Very Popular
BUNDLE_SMS,CHARGED,PREPAID,90.0,0.0,0.0,65,72.0,3.0,1,2025,0.12053668025532305,0.992708874098054,winter,0,0,1,0,0,1,0,0,0,0,4.51085950651685,0.0,0.0,4.189654742026425,4.290459441148391,weekly,0.7037910797402774,Very Popular
BUNDLE_SMS,CHARGED,PREPAID,123.0,0.0,0.0,79,168.0,7.0,1,2025,0.12053668025532305,0.992708874098054,winter,0,0,1,0,0,1,0,0,0,0,4.820281565605037,0.0,0.0,4.382026634673881,5.1298987149230735,weekly,0.5638144107564207,Very Popular
BUNDLE_SMS,CHARGED,PREPAID,13.0,0.0,0.0,6,48.0,2.0,1,2025,0.12053668025532305,0.992708874098054,winter,0,0,1,0,0,1,0,0,0,0,2.6390573296152584,0.0,0.0,1.9459101490553132,3.8918202981106265,weekly,0.6228824109198252,Very Popular
BUNDLE_SMS,CHARGED,PREPAID,215.0,0.0,0.0,363,72.0,3.0,1,2025,0.12053668025532305,0.992708874098054,winter,0,0,1,0,0,1,0,0,0,0,5.375278407684165,0.0,0.0,5.8971538676367405,4.290459441148391,weekly,0.41773127087290673,Very Popular
BUNDLE_SMS,CHARGED,PREPAID,9.0,0.0,0.0,5,24.0,1.0,1,2025,0.12053668025532305,0.992708874098054,winter,0,0,1,0,0,1,0,0,0,0,2.302585092994046,0.0,0.0,1.791759469228055,3.2188758248682006,daily,0.5670617402570601,Very Popular
BUNDLE_SMS,CHARGED,PREPAID,55.0,0.0,0.0,45,24.0,1.0,1,2025,0.12053668025532305,0.992708874098054,winter,0,0,1,0,0,1,0,0,0,0,4.02535169073515,0.0,0.0,3.828641396489095,3.2188758248682006,daily,0.6517831080695086,Very Popular
BUNDLE_SMS,CHARGED,PREPAID,121.0,0.0,0.0,76,168.0,7.0,1,2025,0.12053668025532305,0.992708874098054,winter,0,0,1,0,0,1,0,0,0,0,4.804021044733257,0.0,0.0,4.343805421853684,5.1298987149230735,weekly,0.5823261357856381,Very Popular
BUNDLE_SMS,CHARGED,PREPAID,202.0,0.0,0.0,318,72.0,3.0,1,2025,0.12053668025532305,0.992708874098054,winter,0,0,1,0,0,1,0,0,0,0,5.313205979041787,0.0,0.0,5.765191102784844,4.290459441148391,weekly,0.42085204339532206,Very Popular
BUNDLE_SMS,CHARGED,PREPAID,6.0,0.0,0.0,3,48.0,2.0,1,2025,0.12053668025532305,0.992708874098054,winter,0,0,1,0,0,1,0,0,0,0,1.9459101490553132,0.0,0.0,1.3862943611198906,3.8918202981106265,weekly,0.6228824109198252,Very Popular
BUNDLE_SMS,CHARGED,PREPAID,206.0,0.0,0.0,495,24.0,1.0,1,2025,0.12053668025532305,0.992708874098054,winter,0,0,1,0,0,1,0,0,0,0,5.332718793265369,0.0,0.0,6.206575926724928,3.2188758248682006,daily,0.39338526056157747,Very Popular
BUNDLE_SMS,CHARGED,PREPAID,56.0,0.0,0.0,31,72.0,3.0,1,2025,0.12053668025532305,0.992708874098054,winter,0,0,1,0,0,1,0,0,0,0,4.04305126783455,0.0,0.0,3.4657359027997265,4.290459441148391,weekly,0.7153923170747314,Very Popular
BUNDLE_SMS,CHARGED,PREPAID,47.0,0.0,0.0,24,72.0,3.0,1,2025,0.12053668025532305,0.992708874098054,winter,0,0,1,0,0,1,0,0,0,0,3.871201010907891,0.0,0.0,3.2188758248682006,4.290459441148391,weekly,0.7153923170747314,Very Popular
BUNDLE_SMS,CHARGED,PREPAID,195.0,0.0,0.0,442,24.0,1.0,1,2025,0.12053668025532305,0.992708874098054,winter,0,0,1,0,0,1,0,0,0,0,5.278114659230517,0.0,0.0,6.093569770045136,3.2188758248682006,daily,0.42474657677341826,Very Popular
BUNDLE_SMS,CHARGED,PREPAID,62.0,0.0,0.0,53,24.0,1.0,1,2025,0.12053668025532305,0.992708874098054,winter,0,0,1,0,0,1,0,0,0,0,4.143134726391533,0.0,0.0,3.9889840465642745,3.2188758248682006,daily,0.6071109463884828,Very Popular
BUNDLE_SMS,CHARGED,PREPAID,17.0,0.0,0.0,7,72.0,3.0,1,2025,0.12053668025532305,0.992708874098054,winter,0,0,1,0,0,1,0,0,0,0,2.8903717578961645,0.0,0.0,2.0794415416798357,4.290459441148391,weekly,0.6149961287495008,Very Popular
BUNDLE_SMS,CHARGED,PREPAID,118.0,0.0,0.0,160,24.0,1.0,1,2025,0.12053668025532305,0.992708874098054,winter,0,0,1,0,0,1,0,0,0,0,4.77912349311153,0.0,0.0,5.081404364984463,3.2188758248682006,daily,0.5820721015318259,Very Popular
BUNDLE_SMS,CHARGED,PREPAID,33.0,0.0,0.0,15,72.0,3.0,1,2025,0.12053668025532305,0.992708874098054,winter,0,0,1,0,0,1,0,0,0,0,3.5263605246161616,0.0,0.0,2.772588722239781,4.290459441148391,weekly,0.7153923170747314,Very Popular
BUNDLE_SMS,CHARGED,PREPAID,167.0,0.0,0.0,320,24.0,1.0,1,2025,0.12053668025532305,0.992708874098054,winter,0,0,1,0,0,1,0,0,0,0,5.123963979403259,0.0,0.0,5.771441123130016,3.2188758248682006,daily,0.4019882529635474,Very Popular
BUNDLE_SMS,CHARGED,PREPAID,72.0,0.0,0.0,31,168.0,7.0,1,2025,0.12053668025532305,0.992708874098054,winter,0,0,1,0,0,1,0,0,0,0,4.290459441148391,0.0,0.0,3.4657359027997265,5.1298987149230735,weekly,0.5339919057275273,Very Popular
BUNDLE_SMS,CHARGED,PREPAID,35.0,0.0,0.0,24,24.0,1.0,1,2025,0.12053668025532305,0.992708874098054,winter,0,0,1,0,0,1,0,0,0,0,3.58351893845611,0.0,0.0,3.2188758248682006,3.2188758248682006,daily,0.6485828405587031,Very Popular
BUNDLE_VOICE,CHARGED,PREPAID,169.0,0.0,10.2,0,24.0,1.0,1,2025,0.12053668025532305,0.992708874098054,winter,0,1,0,0,1,0,0,0,0,0,5.135798437050262,0.0,2.4159137783010487,0.0,3.2188758248682006,daily,0.42309907185692686,Very Popular
BUNDLE_VOICE,CHARGED,PREPAID,243.0,0.0,20.8,0,24.0,1.0,1,2025,0.12053668025532305,0.992708874098054,winter,0,1,0,0,1,0,0,0,0,0,5.497168225293202,0.0,3.0819099697950434,0.0,3.2188758248682006,daily,0.46709776771667477,Very Popular
BUNDLE_VOICE,CHARGED,PREPAID,721.0,0.0,98.2,0,24.0,1.0,1,2025,0.12053668025532305,0.992708874098054,winter,0,1,0,0,1,0,0,0,0,0,6.582025138892826,0.0,4.597138014290827,0.0,3.2188758248682006,daily,0.4376813721609486,Very Popular
BUNDLE_VOICE,CHARGED,PREPAID,468.0,0.0,53.2,0,24.0,1.0,1,2025,0.12053668025532305,0.992708874098054,winter,0,1,0,0,1,0,0,0,0,0,6.150602768446279,0.0,3.9926809084456005,0.0,3.2188758248682006,daily,0.45533165474224085,Very Popular
BUNDLE_VOICE,CHARGED,PREPAID,282.0,0.0,25.5,0,24.0,1.0,1,2025,0.12053668025532305,0.992708874098054,winter,0,1,0,0,1,0,0,0,0,0,5.645446897643238,0.0,3.2771447329921766,0.0,3.2188758248682006,daily,0.45321018427077897,Very Popular
BUNDLE_VOICE,CHARGED,PREPAID,189.0,0.0,13.7,0,24.0,1.0,1,2025,0.12053668025532305,0.992708874098054,winter,0,1,0,0,1,0,0,0,0,0,5.247024072160486,0.0,2.6878474937846906,0.0,3.2188758248682006,daily,0.5640601196286458,Very Popular
BUNDLE_VOICE,CHARGED,PREPAID,198.0,0.0,15.9,0,24.0,1.0,1,2025,0.12053668025532305,0.992708874098054,winter,0,1,0,0,1,0,0,0,0,0,5.293304824724492,0.0,2.8273136219290276,0.0,3.2188758248682006,daily,0.9229380972863956,Very Popular
BUNDLE_VOICE,CHARGED,PREPAID,526.0,0.0,49.5,0,48.0,2.0,1,2025,0.12053668025532305,0.992708874098054,winter,0,1,0,0,1,0,0,0,0,0,6.267200548541362,0.0,3.9219733362813143,0.0,3.8918202981106265,weekly,0.4680569045127647,Very Popular
BUNDLE_VOICE,CHARGED,PREPAID,384.0,0.0,26.1,0,72.0,3.0,1,2025,0.12053668025532305,0.992708874098054,winter,0,1,0,0,1,0,0,0,0,0,5.953243334287785,0.0,3.299533727885655,0.0,4.290459441148391,weekly,0.5083064578949074,Very Popular
BUNDLE_VOICE,CHARGED,PREPAID,598.0,0.0,52.1,0,168.0,7.0,1,2025,0.12053668025532305,0.992708874098054,winter,0,1,0,0,1,0,0,0,0,0,6.395261598115449,0.0,3.9721769282478934,0.0,5.1298987149230735,weekly,0.4426998168568431,Very Popular
BUNDLE_VOICE,CHARGED,PREPAID,275.0,0.0,24.6,0,24.0,1.0,1,2025,0.12053668025532305,0.992708874098054,winter,0,1,0,0,1,0,0,0,0,0,5.62040086571715,0.0,3.242592351485517,0.0,3.2188758248682006,daily,0.41827842673427595,Very Popular
BUNDLE_VOICE,CHARGED,PREPAID,198.0,0.0,15.2,0,24.0,1.0,1,2025,0.12053668025532305,0.992708874098054,winter,0,1,0,0,1,0,0,0,0,0,5.293304824724492,0.0,2.785011242238338,0.0,3.2188758248682006,daily,0.5223300184935274,Very Popular
BUNDLE_VOICE,CHARGED,PREPAID,347.0,0.0,20.7,0,168.0,7.0,1,2025,0.12053668025532305,0.992708874098054,winter,0,1,0,0,1,0,0,0,0,0,5.8522024797744745,0.0,3.077312260546414,0.0,5.1298987149230735,weekly,0.40253036731833075,Very Popular
BUNDLE_VOICE,CHARGED,PREPAID,1460.0,0.0,185.2,0,168.0,7.0,1,2025,0.12053668025532305,0.992708874098054,winter,0,1,0,0,1,0,0,0,0,0,7.2868764117507,0.0,5.226821364842967,0.0,5.1298987149230735,weekly,0.7155865015097996,Very Popular
BUNDLE_VOICE,CHARGED,PREPAID,234.0,0.0,19.5,0,24.0,1.0,1,2025,0.12053668025532305,0.992708874098054,winter,0,1,0,0,1,0,0,0,0,0,5.459585514144159,0.0,3.0204248861443626,0.0,3.2188758248682006,daily,0.6432027385092043,Very Popular
BUNDLE_VOICE,CHARGED,PREPAID,1767.0,0.0,236.9,0,168.0,7.0,1,2025,0.12053668025532305,0.992708874098054,winter,0,1,0,0,1,0,0,0,0,0,7.477604243197589,0.0,5.471850417308912,0.0,5.1298987149230735,weekly,0.4651507780324324,Very Popular
BUNDLE_VOICE,CHARGED,PREPAID,1594.0,0.0,209.7,0,168.0,7.0,1,2025,0.12053668025532305,0.992708874098054,winter,0,1,0,0,1,0,0,0,0,0,7.374629015218945,0.0,5.350435320810143,0.0,5.1298987149230735,weekly,0.48636920118270716,Very Popular
BUNDLE_VOICE,CHARGED,PREPAID,1209.0,0.0,145.0,0,168.0,7.0,1,2025,0.12053668025532305,0.992708874098054,winter,0,1,0,0,1,0,0,0,0,0,7.098375638590786,0.0,4.983606621708336,0.0,5.1298987149230735,weekly,0.5849861432879755,Very Popular
BUNDLE_VOICE,CHARGED,PREPAID,823.0,0.0,89.0,0,168.0,7.0,1,2025,0.12053668025532305,0.992708874098054,winter,0,1,0,0,1,0,0,0,0,0,6.714170529909472,0.0,4.499809670330265,0.0,5.1298987149230735,weekly,0.6891345629627615,Very Popular
BUNDLE_VOICE,CHARGED,PREPAID,10000.0,0.0,822.2,0,720.0,30.0,1,2025,0.12053668025532305,0.992708874098054,winter,0,1,0,0,1,0,0,0,0,0,9.210440366976517,0.0,6.71319918451984,0.0,6.580639137284949,monthly,0.4607987915943822,Very Popular
BUNDLE_VOICE,CHARGED,PREPAID,259.0,0.0,23.0,0,24.0,1.0,1,2025,0.12053668025532305,0.992708874098054,winter,0,1,0,0,1,0,0,0,0,0,5.560681631015528,0.0,3.1780538303479458,0.0,3.2188758248682006,daily,0.4326059316860855,Very Popular
BUNDLE_VOICE,CHARGED,PREPAID,3328.0,0.0,469.5,0,168.0,7.0,1,2025,0.12053668025532305,0.992708874098054,winter,0,1,0,0,1,0,0,0,0,0,8.110427237575024,0.0,6.153795959025435,0.0,5.1298987149230735,weekly,0.4506926846149445,Very Popular
BUNDLE_VOICE,CHARGED,PREPAID,403.0,0.0,28.3,0,72.0,3.0,1,2025,0.12053668025532305,0.992708874098054,winter,0,1,0,0,1,0,0,0,0,0,6.0014148779611505,0.0,3.3775875160230218,0.0,4.290459441148391,weekly,0.5115823569992233,Very Popular
BUNDLE_VOICE,CHARGED,PREPAID,289.0,0.0,26.9,0,24.0,1.0,1,2025,0.12053668025532305,0.992708874098054,winter,0,1,0,0,1,0,0,0,0,0,5.66988092298052,0.0,3.32862668882732,0.0,3.2188758248682006,daily,0.6482583854219731,Very Popular
BUNDLE_VOICE,CHARGED,PREPAID,189.0,0.0,13.4,0,24.0,1.0,1,2025,0.12053668025532305,0.992708874098054,winter,0,1,0,0,1,0,0,0,0,0,5.247024072160486,0.0,2.667228206581955,0.0,3.2188758248682006,daily,0.5556131357424248,Very Popular
BUNDLE_VOICE,CHARGED,PREPAID,507.0,0.0,40.8,0,168.0,7.0,1,2025,0.12053668025532305,0.992708874098054,winter,0,1,0,0,1,0,0,0,0,0,6.230481447578482,0.0,3.7328963395307104,0.0,5.1298987149230735,weekly,0.4543245858461251,Very Popular
BUNDLE_VOICE,CHARGED,PREPAID,251.0,0.0,21.3,0,24.0,1.0,1,2025,0.12053668025532305,0.992708874098054,winter,0,1,0,0,1,0,0,0,0,0,5.529429087511423,0.0,3.104586678466073,0.0,3.2188758248682006,daily,0.46709776771667477,Very Popular
BUNDLE_VOICE,CHARGED,PREPAID,194.0,0.0,14.2,0,24.0,1.0,1,2025,0.12053668025532305,0.992708874098054,winter,0,1,0,0,1,0,0,0,0,0,5.272999558563747,0.0,2.7212954278522306,0.0,3.2188758248682006,daily,0.482631566758287,Very Popular
BUNDLE_VOICE,CHARGED,PREPAID,1189.0,0.0,141.8,0,168.0,7.0,1,2025,0.12053668025532305,0.992708874098054,winter,0,1,0,0,1,0,0,0,0,0,7.081708586105575,0.0,4.9614450499054845,0.0,5.1298987149230735,weekly,0.5262914505681571,Very Popular
BUNDLE_VOICE,CHARGED,PREPAID,489.0,0.0,56.4,0,24.0,1.0,1,2025,0.12053668025532305,0.992708874098054,winter,0,1,0,0,1,0,0,0,0,0,6.194405391104672,0.0,4.050044303325521,0.0,3.2188758248682006,daily,0.3881197871747596,Very Popular
BUNDLE_VOICE,CHARGED,PREPAID,492.0,0.0,38.3,0,168.0,7.0,1,2025,0.12053668025532305,0.992708874098054,winter,0,1,0,0,1,0,0,0,0,0,6.20050917404269,0.0,3.6712245188752153,0.0,5.1298987149230735,weekly,0.4735921526289893,Very Popular
BUNDLE_VOICE,CHARGED,PREPAID,468.0,0.0,53.3,0,24.0,1.0,1,2025,0.12053668025532305,0.992708874098054,winter,0,1,0,0,1,0,0,0,0,0,6.150602768446279,0.0,3.9945242269398897,0.0,3.2188758248682006,daily,0.45533165474224085,Very Popular
BUNDLE_VOICE,CHARGED,PREPAID,707.0,0.0,95.2,0,24.0,1.0,1,2025,0.12053668025532305,0.992708874098054,winter,0,1,0,0,1,0,0,0,0,0,6.56244409369372,0.0,4.566429357671661,0.0,3.2188758248682006,daily,0.44353492277285395,Very Popular
BUNDLE_VOICE,CHARGED,PREPAID,1285.0,0.0,156.7,0,168.0,7.0,1,2025,0.12053668025532305,0.992708874098054,winter,0,1,0,0,1,0,0,0,0,0,7.1592919047975645,0.0,5.060694493968993,0.0,5.1298987149230735,weekly,0.5142359180575874,Very Popular
BUNDLE_VOICE,CHARGED,PREPAID,640.0,0.0,58.8,0,168.0,7.0,1,2025,0.12053668025532305,0.992708874098054,winter,0,1,0,0,1,0,0,0,0,0,6.46302945692067,0.0,4.091005660956586,0.0,5.1298987149230735,weekly,0.5832459184571083,Very Popular
BUNDLE_VOICE,CHARGED,PREPAID,225.0,0.0,18.5,0,24.0,1.0,1,2025,0.12053668025532305,0.992708874098054,winter,0,1,0,0,1,0,0,0,0,0,5.420534999272286,0.0,2.970414465569701,0.0,3.2188758248682006,daily,0.6636039610037701,Very Popular
BUNDLE_VOICE,CHARGED,PREPAID,259.0,0.0,22.6,0,24.0,1.0,1,2025,0.12053668025532305,0.992708874098054,winter,0,1,0,0,1,0,0,0,0,0,5.560681631015528,0.0,3.1612467120315646,0.0,3.2188758248682006,daily,0.4326059316860855,Very Popular
BUNDLE_VOICE,CHARGED,PREPAID,1372.0,0.0,170.4,0,168.0,7.0,1,2025,0.12053668025532305,0.992708874098054,winter,0,1,0,0,1,0,0,0,0,0,7.224753405767971,0.0,5.1440000061636795,0.0,5.1298987149230735,weekly,0.4745898209184967,Very Popular
BUNDLE_VOICE,CHARGED,PREPAID,576.0,0.0,49.3,0,168.0,7.0,1,2025,0.12053668025532305,0.992708874098054,winter,0,1,0,0,1,0,0,0,0,0,6.3578422665081,0.0,3.9180050771056933,0.0,5.1298987149230735,weekly,0.3968667905172057,Very Popular
BUNDLE_VOICE,CHARGED,PREPAID,327.0,0.0,18.8,0,168.0,7.0,1,2025,0.12053668025532305,0.992708874098054,winter,0,1,0,0,1,0,0,0,0,0,5.793013608384144,0.0,2.9856819377004897,0.0,5.1298987149230735,weekly,0.4366666989323012,Very Popular
BUNDLE_VOICE,CHARGED,PREPAID,10000.0,0.0,793.0,0,720.0,30.0,1,2025,0.12053668025532305,0.992708874098054,winter,0,1,0,0,1,0,0,0,0,0,9.210440366976517,0.0,6.677083461247136,0.0,6.580639137284949,monthly,0.4607987915943822,Very Popular
BUNDLE_VOICE,CHARGED,PREPAID,1384.0,0.0,172.6,0,168.0,7.0,1,2025,0.12053668025532305,0.992708874098054,winter,0,1,0,0,1,0,0,0,0,0,7.233455418621439,0.0,5.15675380222625,0.0,5.1298987149230735,weekly,0.43578336012731284,Very Popular
BUNDLE_VOICE,CHARGED,PREPAID,844.0,0.0,92.7,0,168.0,7.0,1,2025,0.12053668025532305,0.992708874098054,winter,0,1,0,0,1,0,0,0,0,0,6.739336627357174,0.0,4.540098189244376,0.0,5.1298987149230735,weekly,0.6896404227433567,Very Popular
BUNDLE_VOICE,CHARGED,PREPAID,1353.0,0.0,167.7,0,168.0,7.0,1,2025,0.12053668025532305,0.992708874098054,winter,0,1,0,0,1,0,0,0,0,0,7.21081845347222,0.0,5.128121989551922,0.0,5.1298987149230735,weekly,0.44562387348509935,Very Popular
BUNDLE_VOICE,CHARGED,PREPAID,606.0,0.0,22.8,0,720.0,30.0,1,2025,0.12053668025532305,0.992708874098054,winter,0,1,0,0,1,0,0,0,0,0,6.408528791059498,0.0,3.169685580677429,0.0,6.580639137284949,monthly,0.38347527840840795,Very Popular
BUNDLE_VOICE,CHARGED,PREPAID,234.0,0.0,20.0,0,24.0,1.0,1,2025,0.12053668025532305,0.992708874098054,winter,0,1,0,0,1,0,0,0,0,0,5.459585514144159,0.0,3.044522437723423,0.0,3.2188758248682006,daily,0.5773840121933667,Very Popular
BUNDLE_VOICE,CHARGED,PREPAID,225.0,0.0,18.8,0,24.0,1.0,1,2025,0.12053668025532305,0.992708874098054,winter,0,1,0,0,1,0,0,0,0,0,5.420534999272286,0.0,2.9856819377004897,0.0,3.2188758248682006,daily,0.6636039610037701,Very Popular
BUNDLE_VOICE,CHARGED,PREPAID,1156.0,0.0,136.9,0,168.0,7.0,1,2025,0.12053668025532305,0.992708874098054,winter,0,1,0,0,1,0,0,0,0,0,7.053585727193677,0.0,4.926528784799256,0.0,5.1298987149230735,weekly,0.523824357387217,Very Popular
BUNDLE_VOICE,CHARGED,PREPAID,294.0,0.0,15.1,0,168.0,7.0,1,2025,0.12053668025532305,0.992708874098054,winter,0,1,0,0,1,0,0,0,0,0,5.68697535633982,0.0,2.7788192719904172,0.0,5.1298987149230735,weekly,0.42286948054512397,Very Popular
BUNDLE_VOICE,CHARGED,PREPAID,503.0,0.0,58.6,0,24.0,1.0,1,2025,0.12053668025532305,0.992708874098054,winter,0,1,0,0,1,0,0,0,0,0,6.222576268071369,0.0,4.087655574071304,0.0,3.2188758248682006,daily,0.44821339961435236,Very Popular
BUNDLE_VOICE,CHARGED,PREPAID,507.0,0.0,40.2,0,168.0,7.0,1,2025,0.12053668025532305,0.992708874098054,winter,0,1,0,0,1,0,0,0,0,0,6.230481447578482,0.0,3.7184382563554808,0.0,5.1298987149230735,weekly,0.4543245858461251,Very Popular
BUNDLE_VOICE,CHARGED,PREPAID,507.0,0.0,40.5,0,168.0,7.0,1,2025,0.12053668025532305,0.992708874098054,winter,0,1,0,0,1,0,0,0,0,0,6.230481447578482,0.0,3.7256934272366524,0.0,5.1298987149230735,weekly,0.4543245858461251,Very Popular
BUNDLE_VOICE,CHARGED,PREPAID,537.0,0.0,44.6,0,168.0,7.0,1,2025,0.12053668025532305,0.992708874098054,winter,0,1,0,0,1,0,0,0,0,0,6.2878585601617845,0.0,3.8199077165203406,0.0,5.1298987149230735,weekly,0.5335141477216423,Very Popular
BUNDLE_VOICE,CHARGED,PREPAID,133.0,0.0,7.1,0,24.0,1.0,1,2025,0.12053668025532305,0.992708874098054,winter,0,1,0,0,1,0,0,0,0,0,4.897839799950911,0.0,2.0918640616783932,0.0,3.2188758248682006,daily,0.5215234429865624,Very Popular
BUNDLE_VOICE,CHARGED,PREPAID,407.0,0.0,43.4,0,24.0,1.0,1,2025,0.12053668025532305,0.992708874098054,winter,0,1,0,0,1,0,0,0,0,0,6.0112671744041615,0.0,3.7932394694381792,0.0,3.2188758248682006,daily,0.38142734510908344,Very Popular
BUNDLE_VOICE,CHARGED,PREPAID,591.0,0.0,51.5,0,168.0,7.0,1,2025,0.12053668025532305,0.992708874098054,winter,0,1,0,0,1,0,0,0,0,0,6.3835066348840055,0.0,3.960813169597578,0.0,5.1298987149230735,weekly,0.4991663050320675,Very Popular
BUNDLE_VOICE,CHARGED,PREPAID,1384.0,0.0,173.0,0,168.0,7.0,1,2025,0.12053668025532305,0.992708874098054,winter,0,1,0,0,1,0,0,0,0,0,7.233455418621439,0.0,5.159055299214529,0.0,5.1298987149230735,weekly,0.43578336012731284,Very Popular
BUNDLE_VOICE,CHARGED,PREPAID,267.0,0.0,24.0,0,24.0,1.0,1,2025,0.12053668025532305,0.992708874098054,winter,0,1,0,0,1,0,0,0,0,0,5.5909869805108565,0.0,3.2188758248682006,0.0,3.2188758248682006,daily,0.41827842673427595,Very Popular
BUNDLE_VOICE,CHARGED,PREPAID,198.0,0.0,15.7,0,24.0,1.0,1,2025,0.12053668025532305,0.992708874098054,winter,0,1,0,0,1,0,0,0,0,0,5.293304824724492,0.0,2.8154087194227095,0.0,3.2188758248682006,daily,0.9229380972863956,Very Popular
BUNDLE_VOICE,CHARGED,PREPAID,259.0,0.0,22.1,0,24.0,1.0,1,2025,0.12053668025532305,0.992708874098054,winter,0,1,0,0,1,0,0,0,0,0,5.560681631015528,0.0,3.139832617527748,0.0,3.2188758248682006,daily,0.43051112054724683,Very Popular
BUNDLE_VOICE,CHARGED,PREPAID,259.0,0.0,22.5,0,24.0,1.0,1,2025,0.12053668025532305,0.992708874098054,winter,0,1,0,0,1,0,0,0,0,0,5.560681631015528,0.0,3.1570004211501135,0.0,3.2188758248682006,daily,0.43051112054724683,Very Popular
BUNDLE_VOICE,CHARGED,PREPAID,198.0,0.0,15.1,0,24.0,1.0,1,2025,0.12053668025532305,0.992708874098054,winter,0,1,0,0,1,0,0,0,0,0,5.293304824724492,0.0,2.7788192719904172,0.0,3.2188758248682006,daily,0.5223300184935274,Very Popular
BUNDLE_VOICE,CHARGED,PREPAID,600.0,0.0,59.9,0,48.0,2.0,1,2025,0.12053668025532305,0.992708874098054,winter,0,1,0,0,1,0,0,0,0,0,6.398594934535208,0.0,4.109233174715851,0.0,3.8918202981106265,weekly,0.5069960752921194,Very Popular
BUNDLE_VOICE,CHARGED,PREPAID,215.0,0.0,18.0,0,24.0,1.0,1,2025,0.12053668025532305,0.992708874098054,winter,0,1,0,0,1,0,0,0,0,0,5.375278407684165,0.0,2.9444389791664403,0.0,3.2188758248682006,daily,0.40403475692817703,Very Popular
BUNDLE_VOICE,CHARGED,PREPAID,507.0,0.0,40.4,0,168.0,7.0,1,2025,0.12053668025532305,0.992708874098054,winter,0,1,0,0,1,0,0,0,0,0,6.230481447578482,0.0,3.7232808808312687,0.0,5.1298987149230735,weekly,0.4543245858461251,Very Popular
BUNDLE_VOICE,CHARGED,PREPAID,5053.0,0.0,809.4,0,168.0,7.0,1,2025,0.12053668025532305,0.992708874098054,winter,0,1,0,0,1,0,0,0,0,0,8.52793528794814,0.0,6.697527952934474,0.0,5.1298987149230735,weekly,0.4046021929575741,Very Popular
BUNDLE_VOICE,CHARGED,PREPAID,282.0,0.0,14.7,0,168.0,7.0,1,2025,0.12053668025532305,0.992708874098054,winter,0,1,0,0,1,0,0,0,0,0,5.645446897643238,0.0,2.7536607123542622,0.0,5.1298987149230735,weekly,0.4389181617291151,Very Popular
BUNDLE_VOICE,CHARGED,PREPAID,1894.0,0.0,254.7,0,168.0,7.0,1,2025,0.12053668025532305,0.992708874098054,winter,0,1,0,0,1,0,0,0,0,0,7.546974117516527,0.0,5.544004882297141,0.0,5.1298987149230735,weekly,0.4651507780324324,Very Popular
BUNDLE_VOICE,CHARGED,PREPAID,1247.0,0.0,150.6,0,168.0,7.0,1,2025,0.12053668025532305,0.992708874098054,winter,0,1,0,0,1,0,0,0,0,0,7.129297548929373,0.0,5.021245473208271,0.0,5.1298987149230735,weekly,0.5880178562622221,Very Popular
BUNDLE_VOICE,CHARGED,PREPAID,384.0,0.0,26.7,0,72.0,3.0,1,2025,0.12053668025532305,0.992708874098054,winter,0,1,0,0,1,0,0,0,0,0,5.953243334287785,0.0,3.3214324131932926,0.0,4.290459441148391,weekly,0.5083064578949074,Very Popular
BUNDLE_VOICE,CHARGED,PREPAID,774.0,0.0,89.7,0,48.0,2.0,1,2025,0.12053668025532305,0.992708874098054,winter,0,1,0,0,1,0,0,0,0,0,6.652863029353347,0.0,4.507557357121091,0.0,3.8918202981106265,weekly,0.4573092821126801,Very Popular
BUNDLE_VOICE,CHARGED,PREPAID,688.0,0.0,91.5,0,24.0,1.0,1,2025,0.12053668025532305,0.992708874098054,winter,0,1,0,0,1,0,0,0,0,0,6.535241271013659,0.0,4.52720864451838,0.0,3.2188758248682006,daily,0.48631069209073113,Very Popular
BUNDLE_VOICE,CHARGED,PREPAID,844.0,0.0,92.6,0,168.0,7.0,1,2025,0.12053668025532305,0.992708874098054,winter,0,1,0,0,1,0,0,0,0,0,6.739336627357174,0.0,4.539030383483547,0.0,5.1298987149230735,weekly,0.6896404227433567,Very Popular
BUNDLE_VOICE,CHARGED,PREPAID,225.0,0.0,18.4,0,24.0,1.0,1,2025,0.12053668025532305,0.992708874098054,winter,0,1,0,0,1,0,0,0,0,0,5.420534999272286,0.0,2.9652730660692823,0.0,3.2188758248682006,daily,0.6636039610037701,Very Popular
BUNDLE_VOICE,CHARGED,PREPAID,10000.0,0.0,806.1,0,720.0,30.0,1,2025,0.12053668025532305,0.992708874098054,winter,0,1,0,0,1,0,0,0,0,0,9.210440366976517,0.0,6.6934475763303265,0.0,6.580639137284949,monthly,0.4607987915943822,Very Popular
BUNDLE_VOICE,CHARGED,PREPAID,739.0,0.0,102.5,0,24.0,1.0,1,2025,0.12053668025532305,0.992708874098054,winter,0,1,0,0,1,0,0,0,0,0,6.606650186198215,0.0,4.639571612705423,0.0,3.2188758248682006,daily,0.4347311212404047,Very Popular
BUNDLE_VOICE,CHARGED,PREPAID,243.0,0.0,21.0,0,24.0,1.0,1,2025,0.12053668025532305,0.992708874098054,winter,0,1,0,0,1,0,0,0,0,0,5.497168225293202,0.0,3.091042453358316,0.0,3.2188758248682006,daily,0.46709776771667477,Very Popular
BUNDLE_VOICE,CHARGED,PREPAID,1267.0,0.0,153.5,0,168.0,7.0,1,2025,0.12053668025532305,0.992708874098054,winter,0,1,0,0,1,0,0,0,0,0,7.145196134997171,0.0,5.0401940963378005,0.0,5.1298987149230735,weekly,0.5750198521081544,Very Popular
BUNDLE_VOICE,CHARGED,PREPAID,198.0,0.0,15.6,0,24.0,1.0,1,2025,0.12053668025532305,0.992708874098054,winter,0,1,0,0,1,0,0,0,0,0,5.293304824724492,0.0,2.8094026953624978,0.0,3.2188758248682006,daily,0.9229380972863956,Very Popular
BUNDLE_VOICE,CHARGED,PREPAID,1506.0,0.0,193.8,0,168.0,7.0,1,2025,0.12053668025532305,0.992708874098054,winter,0,1,0,0,1,0,0,0,0,0,7.317876198626496,0.0,5.271973391208435,0.0,5.1298987149230735,weekly,0.6315186125521066,Very Popular
BUNDLE_VOICE,CHARGED,PREPAID,189.0,0.0,13.1,0,24.0,1.0,1,2025,0.12053668025532305,0.992708874098054,winter,0,1,0,0,1,0,0,0,0,0,5.247024072160486,0.0,2.6461747973841225,0.0,3.2188758248682006,daily,0.5451586593252558,Very Popular
BUNDLE_VOICE,CHARGED,PREPAID,496.0,0.0,57.5,0,24.0,1.0,1,2025,0.12053668025532305,0.992708874098054,winter,0,1,0,0,1,0,0,0,0,0,6.208590026096629,0.0,4.069026754237811,0.0,3.2188758248682006,daily,0.40334213923801254,Very Popular
BUNDLE_VOICE,CHARGED,PREPAID,453.0,0.0,51.2,0,24.0,1.0,1,2025,0.12053668025532305,0.992708874098054,winter,0,1,0,0,1,0,0,0,0,0,6.118097198041348,0.0,3.955082494888593,0.0,3.2188758248682006,daily,0.6932726140553143,Very Popular
BUNDLE_VOICE,CHARGED,PREPAID,529.0,0.0,43.5,0,168.0,7.0,1,2025,0.12053668025532305,0.992708874098054,winter,0,1,0,0,1,0,0,0,0,0,6.272877006546167,0.0,3.7954891891721947,0.0,5.1298987149230735,weekly,0.6566798251058139,Very Popular
BUNDLE_VOICE,CHARGED,PREPAID,453.0,0.0,52.0,0,24.0,1.0,1,2025,0.12053668025532305,0.992708874098054,winter,0,1,0,0,1,0,0,0,0,0,6.118097198041348,0.0,3.970291913552122,0.0,3.2188758248682006,daily,0.5225438409900413,Very Popular
BUNDLE_VOICE,CHARGED,PREPAID,1675.0,0.0,223.7,0,168.0,7.0,1,2025,0.12053668025532305,0.992708874098054,winter,0,1,0,0,1,0,0,0,0,0,7.424165281042028,0.0,5.414766179191283,0.0,5.1298987149230735,weekly,0.4651507780324324,Very Popular
BUNDLE_VOICE,CHARGED,PREPAID,306.0,0.0,16.2,0,168.0,7.0,1,2025,0.12053668025532305,0.992708874098054,winter,0,1,0,0,1,0,0,0,0,0,5.726847747587197,0.0,2.8449093838194073,0.0,5.1298987149230735,weekly,0.4683395256436771,Very Popular
BUNDLE_VOICE,CHARGED,PREPAID,792.0,0.0,82.4,0,168.0,7.0,1,2025,0.12053668025532305,0.992708874098054,winter,0,1,0,0,1,0,0,0,0,0,6.675823221634848,0.0,4.423648309364701,0.0,5.1298987149230735,weekly,0.5691908770307679,Very Popular
BUNDLE_VOICE,CHARGED,PREPAID,251.0,0.0,22.0,0,24.0,1.0,1,2025,0.12053668025532305,0.992708874098054,winter,0,1,0,0,1,0,0,0,0,0,5.529429087511423,0.0,3.1354942159291497,0.0,3.2188758248682006,daily,0.46709776771667477,Very Popular
BUNDLE_VOICE,CHARGED,PREPAID,503.0,0.0,58.3,0,24.0,1.0,1,2025,0.12053668025532305,0.992708874098054,winter,0,1,0,0,1,0,0,0,0,0,6.222576268071369,0.0,4.08260930600368,0.0,3.2188758248682006,daily,0.44821339961435236,Very Popular
BUNDLE_VOICE,CHARGED,PREPAID,225.0,0.0,18.9,0,24.0,1.0,1,2025,0.12053668025532305,0.992708874098054,winter,0,1,0,0,1,0,0,0,0,0,5.420534999272286,0.0,2.990719731730447,0.0,3.2188758248682006,daily,0.6636039610037701,Very Popular
BUNDLE_VOICE,CHARGED,PREPAID,169.0,0.0,10.6,0,24.0,1.0,1,2025,0.12053668025532305,0.992708874098054,winter,0,1,0,0,1,0,0,0,0,0,5.135798437050262,0.0,2.451005098112319,0.0,3.2188758248682006,daily,0.38803529166776385,Very Popular
BUNDLE_VOICE,CHARGED,PREPAID,373.0,0.0,23.7,0,168.0,7.0,1,2025,0.12053668025532305,0.992708874098054,winter,0,1,0,0,1,0,0,0,0,0,5.924255797414532,0.0,3.2068032436339315,0.0,5.1298987149230735,weekly,0.3821570039449975,Very Popular
BUNDLE_VOICE,CHARGED,PREPAID,823.0,0.0,88.1,0,168.0,7.0,1,2025,0.12053668025532305,0.992708874098054,winter,0,1,0,0,1,0,0,0,0,0,6.714170529909472,0.0,4.489759334476764,0.0,5.1298987149230735,weekly,0.6891345629627615,Very Popular
BUNDLE_VOICE,CHARGED,PREPAID,769.0,0.0,110.3,0,24.0,1.0,1,2025,0.12053668025532305,0.992708874098054,winter,0,1,0,0,1,0,0,0,0,0,6.646390514847729,0.0,4.712229258281499,0.0,3.2188758248682006,daily,0.464211081756256,Very Popular
BUNDLE_VOICE,CHARGED,PREPAID,1304.0,0.0,159.3,0,168.0,7.0,1,2025,0.12053668025532305,0.992708874098054,winter,0,1,0,0,1,0,0,0,0,0,7.173958319756794,0.0,5.0770470596155075,0.0,5.1298987149230735,weekly,0.5142359180575874,Very Popular
BUNDLE_VOICE,CHARGED,PREPAID,1523.0,0.0,197.0,0,168.0,7.0,1,2025,0.12053668025532305,0.992708874098054,winter,0,1,0,0,1,0,0,0,0,0,7.329093736246592,0.0,5.288267030694535,0.0,5.1298987149230735,weekly,0.45640676629278853,Very Popular
BUNDLE_VOICE,CHARGED,PREPAID,1788.0,0.0,239.5,0,168.0,7.0,1,2025,0.12053668025532305,0.992708874098054,winter,0,1,0,0,1,0,0,0,0,0,7.489412083508719,0.0,5.482720089545816,0.0,5.1298987149230735,weekly,0.4651507780324324,Very Popular
BUNDLE_VOICE,CHARGED,PREPAID,537.0,0.0,44.4,0,168.0,7.0,1,2025,0.12053668025532305,0.992708874098054,winter,0,1,0,0,1,0,0,0,0,0,6.2878585601617845,0.0,3.8155121050473024,0.0,5.1298987149230735,weekly,0.5335141477216423,Very Popular
BUNDLE_VOICE,CHARGED,PREPAID,393.0,0.0,28.0,0,72.0,3.0,1,2025,0.12053668025532305,0.992708874098054,winter,0,1,0,0,1,0,0,0,0,0,5.976350909297934,0.0,3.367295829986474,0.0,4.290459441148391,weekly,0.5122517606184162,Very Popular
BUNDLE_VOICE,CHARGED,PREPAID,482.0,0.0,55.1,0,24.0,1.0,1,2025,0.12053668025532305,0.992708874098054,winter,0,1,0,0,1,0,0,0,0,0,6.180016653652572,0.0,4.027135812528651,0.0,3.2188758248682006,daily,0.3881197871747596,Very Popular
BUNDLE_VOICE,CHARGED,PREPAID,1668.0,0.0,222.6,0,168.0,7.0,1,2025,0.12053668025532305,0.992708874098054,winter,0,1,0,0,1,0,0,0,0,0,7.419979923661835,0.0,5.409858741280944,0.0,5.1298987149230735,weekly,0.4651507780324324,Very Popular
BUNDLE_VOICE,CHARGED,PREPAID,194.0,0.0,14.3,0,24.0,1.0,1,2025,0.12053668025532305,0.992708874098054,winter,0,1,0,0,1,0,0,0,0,0,5.272999558563747,0.0,2.72785282839839,0.0,3.2188758248682006,daily,0.482631566758287,Very Popular
BUNDLE_VOICE,CHARGED,PREPAID,289.0,0.0,26.7,0,24.0,1.0,1,2025,0.12053668025532305,0.992708874098054,winter,0,1,0,0,1,0,0,0,0,0,5.66988092298052,0.0,3.3214324131932926,0.0,3.2188758248682006,daily,0.6482583854219731,Very Popular
BUNDLE_VOICE,CHARGED,PREPAID,598.0,0.0,52.4,0,168.0,7.0,1,2025,0.12053668025532305,0.992708874098054,winter,0,1,0,0,1,0,0,0,0,0,6.395261598115449,0.0,3.977810745966149,0.0,5.1298987149230735,weekly,0.4426998168568431,Very Popular
BUNDLE_VOICE,CHARGED,PREPAID,243.0,0.0,20.7,0,24.0,1.0,1,2025,0.12053668025532305,0.992708874098054,winter,0,1,0,0,1,0,0,0,0,0,5.497168225293202,0.0,3.077312260546414,0.0,3.2188758248682006,daily,0.4842987064338217,Very Popular
BUNDLE_VOICE,CHARGED,PREPAID,675.0,0.0,63.2,0,168.0,7.0,1,2025,0.12053668025532305,0.992708874098054,winter,0,1,0,0,1,0,0,0,0,0,6.516193076042964,0.0,4.162003210695915,0.0,5.1298987149230735,weekly,0.52328368693421,Very Popular
BUNDLE_VOICE,CHARGED,PREPAID,624.0,0.0,23.6,0,720.0,30.0,1,2025,0.12053668025532305,0.992708874098054,winter,0,1,0,0,1,0,0,0,0,0,6.437751649736401,0.0,3.202746442938317,0.0,6.580639137284949,monthly,0.38347527840840795,Very Popular
BUNDLE_VOICE,CHARGED,PREPAID,1163.0,0.0,137.3,0,168.0,7.0,1,2025,0.12053668025532305,0.992708874098054,winter,0,1,0,0,1,0,0,0,0,0,7.059617628291383,0.0,4.929425238670713,0.0,5.1298987149230735,weekly,0.5247490872004026,Very Popular
BUNDLE_VOICE,CHARGED,PREPAID,517.0,0.0,48.3,0,48.0,2.0,1,2025,0.12053668025532305,0.992708874098054,winter,0,1,0,0,1,0,0,0,0,0,6.249975242259483,0.0,3.8979240810486444,0.0,3.8918202981106265,weekly,0.4680569045127647,Very Popular
BUNDLE_VOICE,CHARGED,PREPAID,282.0,0.0,14.9,0,168.0,7.0,1,2025,0.12053668025532305,0.992708874098054,winter,0,1,0,0,1,0,0,0,0,0,5.645446897643238,0.0,2.766319109226186,0.0,5.1298987149230735,weekly,0.4389181617291151,Very Popular
BUNDLE_VOICE,CHARGED,PREPAID,225.0,0.0,18.6,0,24.0,1.0,1,2025,0.12053668025532305,0.992708874098054,winter,0,1,0,0,1,0,0,0,0,0,5.420534999272286,0.0,2.975529566236472,0.0,3.2188758248682006,daily,0.6636039610037701,Very Popular
BUNDLE_VOICE,CHARGED,PREPAID,766.0,0.0,109.5,0,24.0,1.0,1,2025,0.12053668025532305,0.992708874098054,winter,0,1,0,0,1,0,0,0,0,0,6.642486801367256,0.0,4.705015520957808,0.0,3.2188758248682006,daily,0.464211081756256,Very Popular
BUNDLE_VOICE,CHARGED,PREPAID,766.0,0.0,109.7,0,24.0,1.0,1,2025,0.12053668025532305,0.992708874098054,winter,0,1,0,0,1,0,0,0,0,0,6.642486801367256,0.0,4.706823839714591,0.0,3.2188758248682006,daily,0.464211081756256,Very Popular
BUNDLE_VOICE,CHARGED,PREPAID,2928.0,0.0,407.9,0,168.0,7.0,1,2025,0.12053668025532305,0.992708874098054,winter,0,1,0,0,1,0,0,0,0,0,7.982416346827733,0.0,6.013470627370596,0.0,5.1298987149230735,weekly,0.3869119587552252,Very Popular
BUNDLE_VOICE,CHARGED,PREPAID,598.0,0.0,52.5,0,168.0,7.0,1,2025,0.12053668025532305,0.992708874098054,winter,0,1,0,0,1,0,0,0,0,0,6.395261598115449,0.0,3.979681653901961,0.0,5.1298987149230735,weekly,0.466023098312625,Very Popular
BUNDLE_VOICE,CHARGED,PREPAID,169.0,0.0,10.1,0,24.0,1.0,1,2025,0.12053668025532305,0.992708874098054,winter,0,1,0,0,1,0,0,0,0,0,5.135798437050262,0.0,2.4069451083182885,0.0,3.2188758248682006,daily,0.42309907185692686,Very Popular
BUNDLE_VOICE,CHARGED,PREPAID,695.0,0.0,66.2,0,168.0,7.0,1,2025,0.12053668025532305,0.992708874098054,winter,0,1,0,0,1,0,0,0,0,0,6.54534966033442,0.0,4.207673247529104,0.0,5.1298987149230735,weekly,0.46091790986089665,Very Popular
BUNDLE_VOICE,CHARGED,PREPAID,198.0,0.0,16.0,0,24.0,1.0,1,2025,0.12053668025532305,0.992708874098054,winter,0,1,0,0,1,0,0,0,0,0,5.293304824724492,0.0,2.833213344056216,0.0,3.2188758248682006,daily,0.9229380972863956,Very Popular
BUNDLE_VOICE,CHARGED,PREPAID,169.0,0.0,10.3,0,24.0,1.0,1,2025,0.12053668025532305,0.992708874098054,winter,0,1,0,0,1,0,0,0,0,0,5.135798437050262,0.0,2.424802725718295,0.0,3.2188758248682006,daily,0.42309907185692686,Very Popular
BUNDLE_VOICE,CHARGED,PREPAID,10000.0,0.0,817.0,0,720.0,30.0,1,2025,0.12053668025532305,0.992708874098054,winter,0,1,0,0,1,0,0,0,0,0,9.210440366976517,0.0,6.706862336602747,0.0,6.580639137284949,monthly,0.4607987915943822,Very Popular
BUNDLE_VOICE,CHARGED,PREPAID,461.0,0.0,52.4,0,24.0,1.0,1,2025,0.12053668025532305,0.992708874098054,winter,0,1,0,0,1,0,0,0,0,0,6.135564891081739,0.0,3.977810745966149,0.0,3.2188758248682006,daily,0.44623504436659645,Very Popular
BUNDLE_VOICE,CHARGED,PREPAID,1353.0,0.0,167.1,0,168.0,7.0,1,2025,0.12053668025532305,0.992708874098054,winter,0,1,0,0,1,0,0,0,0,0,7.21081845347222,0.0,5.12455904041457,0.0,5.1298987149230735,weekly,0.44562387348509935,Very Popular
BUNDLE_VOICE,CHARGED,PREPAID,1647.0,0.0,219.3,0,168.0,7.0,1,2025,0.12053668025532305,0.992708874098054,winter,0,1,0,0,1,0,0,0,0,0,7.4073177104694174,0.0,5.394990253808298,0.0,5.1298987149230735,weekly,0.5080995314706682,Very Popular
BUNDLE_VOICE,CHARGED,PREPAID,107.0,0.0,5.8,0,24.0,1.0,1,2025,0.12053668025532305,0.992708874098054,winter,0,1,0,0,1,0,0,0,0,0,4.68213122712422,0.0,1.916922612182061,0.0,3.2188758248682006,daily,0.4100580868294146,Very Popular
BUNDLE_VOICE,CHARGED,PREPAID,251.0,0.0,21.9,0,24.0,1.0,1,2025,0.12053668025532305,0.992708874098054,winter,0,1,0,0,1,0,0,0,0,0,5.529429087511423,0.0,3.131136910560194,0.0,3.2188758248682006,daily,0.46709776771667477,Very Popular
BUNDLE_VOICE,CHARGED,PREPAID,169.0,0.0,10.5,0,24.0,1.0,1,2025,0.12053668025532305,0.992708874098054,winter,0,1,0,0,1,0,0,0,0,0,5.135798437050262,0.0,2.4423470353692043,0.0,3.2188758248682006,daily,0.4287229283181961,Very Popular
BUNDLE_VOICE,CHARGED,PREPAID,888.0,0.0,98.1,0,168.0,7.0,1,2025,0.12053668025532305,0.992708874098054,winter,0,1,0,0,1,0,0,0,0,0,6.790097235513905,0.0,4.596129441335942,0.0,5.1298987149230735,weekly,0.6065788750682332,Very Popular
BUNDLE_VOICE,CHARGED,PREPAID,330.0,0.0,25.9,0,48.0,2.0,1,2025,0.12053668025532305,0.992708874098054,winter,0,1,0,0,1,0,0,0,0,0,5.802118375377063,0.0,3.292126286607793,0.0,3.8918202981106265,weekly,0.4999690935772607,Very Popular
BUNDLE_VOICE,CHARGED,PREPAID,403.0,0.0,27.9,0,168.0,7.0,1,2025,0.12053668025532305,0.992708874098054,winter,0,1,0,0,1,0,0,0,0,0,6.0014148779611505,0.0,3.3638415951183864,0.0,5.1298987149230735,weekly,0.49323378050796696,Very Popular
BUNDLE_VOICE,CHARGED,PREPAID,225.0,0.0,18.2,0,24.0,1.0,1,2025,0.12053668025532305,0.992708874098054,winter,0,1,0,0,1,0,0,0,0,0,5.420534999272286,0.0,2.954910279033736,0.0,3.2188758248682006,daily,0.6636039610037701,Very Popular
BUNDLE_VOICE,CHARGED,PREPAID,234.0,0.0,19.9,0,24.0,1.0,1,2025,0.12053668025532305,0.992708874098054,winter,0,1,0,0,1,0,0,0,0,0,5.459585514144159,0.0,3.039749158970765,0.0,3.2188758248682006,daily,0.5773840121933667,Very Popular
BUNDLE_VOICE,CHARGED,PREPAID,381.0,0.0,24.5,0,168.0,7.0,1,2025,0.12053668025532305,0.992708874098054,winter,0,1,0,0,1,0,0,0,0,0,5.945420608606575,0.0,3.2386784521643803,0.0,5.1298987149230735,weekly,0.38336777487126744,Very Popular
BUNDLE_VOICE,CHARGED,PREPAID,838.0,0.0,91.6,0,168.0,7.0,1,2025,0.12053668025532305,0.992708874098054,winter,0,1,0,0,1,0,0,0,0,0,6.732210706467206,0.0,4.528289141652134,0.0,5.1298987149230735,weekly,0.6896404227433567,Very Popular
BUNDLE_VOICE,CHARGED,PREPAID,282.0,0.0,25.4,0,24.0,1.0,1,2025,0.12053668025532305,0.992708874098054,winter,0,1,0,0,1,0,0,0,0,0,5.645446897643238,0.0,3.2733640101522705,0.0,3.2188758248682006,daily,0.41096038314318273,Very Popular
BUNDLE_VOICE,CHARGED,PREPAID,251.0,0.0,21.7,0,24.0,1.0,1,2025,0.12053668025532305,0.992708874098054,winter,0,1,0,0,1,0,0,0,0,0,5.529429087511423,0.0,3.122364924487357,0.0,3.2188758248682006,daily,0.46709776771667477,Very Popular
BUNDLE_VOICE,CHARGED,PREPAID,393.0,0.0,27.2,0,72.0,3.0,1,2025,0.12053668025532305,0.992708874098054,winter,0,1,0,0,1,0,0,0,0,0,5.976350909297934,0.0,3.339321977944068,0.0,4.290459441148391,weekly,0.5122517606184162,Very Popular
BUNDLE_VOICE,CHARGED,PREPAID,514.0,0.0,41.7,0,168.0,7.0,1,2025,0.12053668025532305,0.992708874098054,winter,0,1,0,0,1,0,0,0,0,0,6.244166900663736,0.0,3.754198920234579,0.0,5.1298987149230735,weekly,0.5540118442310906,Very Popular
BUNDLE_VOICE,CHARGED,PREPAID,384.0,0.0,26.6,0,72.0,3.0,1,2025,0.12053668025532305,0.992708874098054,winter,0,1,0,0,1,0,0,0,0,0,5.953243334287785,0.0,3.3178157727231046,0.0,4.290459441148391,weekly,0.5083064578949074,Very Popular
BUNDLE_VOICE,CHARGED,PREPAID,347.0,0.0,20.3,0,168.0,7.0,1,2025,0.12053668025532305,0.992708874098054,winter,0,1,0,0,1,0,0,0,0,0,5.8522024797744745,0.0,3.0587070727153796,0.0,5.1298987149230735,weekly,0.40253036731833075,Very Popular
BUNDLE_VOICE,CHARGED,PREPAID,189.0,0.0,13.2,0,24.0,1.0,1,2025,0.12053668025532305,0.992708874098054,winter,0,1,0,0,1,0,0,0,0,0,5.247024072160486,0.0,2.653241964607215,0.0,3.2188758248682006,daily,0.5556131357424248,Very Popular
BUNDLE_VOICE,CHARGED,PREPAID,1273.0,0.0,154.3,0,168.0,7.0,1,2025,0.12053668025532305,0.992708874098054,winter,0,1,0,0,1,0,0,0,0,0,7.149916836132109,0.0,5.045358730154642,0.0,5.1298987149230735,weekly,0.5750198521081544,Very Popular
BUNDLE_VOICE,CHARGED,PREPAID,461.0,0.0,52.9,0,24.0,1.0,1,2025,0.12053668025532305,0.992708874098054,winter,0,1,0,0,1,0,0,0,0,0,6.135564891081739,0.0,3.9871304779149512,0.0,3.2188758248682006,daily,0.45533165474224085,Very Popular
BUNDLE_VOICE,CHARGED,PREPAID,549.0,0.0,66.0,0,24.0,1.0,1,2025,0.12053668025532305,0.992708874098054,winter,0,1,0,0,1,0,0,0,0,0,6.309918278226516,0.0,4.204692619390966,0.0,3.2188758248682006,daily,0.5163883955266166,Very Popular
BUNDLE_VOICE,CHARGED,PREPAID,169.0,0.0,10.4,0,24.0,1.0,1,2025,0.12053668025532305,0.992708874098054,winter,0,1,0,0,1,0,0,0,0,0,5.135798437050262,0.0,2.4336133554004498,0.0,3.2188758248682006,daily,0.42309907185692686,Very Popular
BUNDLE_VOICE,CHARGED,PREPAID,601.0,0.0,74.5,0,24.0,1.0,1,2025,0.12053668025532305,0.992708874098054,winter,0,1,0,0,1,0,0,0,0,0,6.400257445308821,0.0,4.324132656254979,0.0,3.2188758248682006,daily,0.5653179743198632,Very Popular
BUNDLE_VOICE,CHARGED,PREPAID,883.0,0.0,106.7,0,48.0,2.0,1,2025,0.12053668025532305,0.992708874098054,winter,0,1,0,0,1,0,0,0,0,0,6.784457062637643,0.0,4.679349584162343,0.0,3.8918202981106265,weekly,0.4266956305511523,Very Popular
BUNDLE_VOICE,CHARGED,PREPAID,282.0,0.0,14.2,0,168.0,7.0,1,2025,0.12053668025532305,0.992708874098054,winter,0,1,0,0,1,0,0,0,0,0,5.645446897643238,0.0,2.7212954278522306,0.0,5.1298987149230735,weekly,0.44263549505018135,Very Popular
BUNDLE_VOICE,CHARGED,PREPAID,275.0,0.0,24.5,0,24.0,1.0,1,2025,0.12053668025532305,0.992708874098054,winter,0,1,0,0,1,0,0,0,0,0,5.62040086571715,0.0,3.2386784521643803,0.0,3.2188758248682006,daily,0.41827842673427595,Very Popular
BUNDLE_VOICE,CHARGED,PREPAID,3308.0,0.0,466.6,0,168.0,7.0,1,2025,0.12053668025532305,0.992708874098054,winter,0,1,0,0,1,0,0,0,0,0,8.104401307921613,0.0,6.147613229597914,0.0,5.1298987149230735,weekly,0.4506926846149445,Very Popular
BUNDLE_VOICE,CHARGED,PREPAID,576.0,0.0,49.8,0,168.0,7.0,1,2025,0.12053668025532305,0.992708874098054,winter,0,1,0,0,1,0,0,0,0,0,6.3578422665081,0.0,3.927896354584436,0.0,5.1298987149230735,weekly,0.3968667905172057,Very Popular
BUNDLE_VOICE,CHARGED,PREPAID,225.0,0.0,18.3,0,24.0,1.0,1,2025,0.12053668025532305,0.992708874098054,winter,0,1,0,0,1,0,0,0,0,0,5.420534999272286,0.0,2.9601050959108397,0.0,3.2188758248682006,daily,0.6636039610037701,Very Popular
BUNDLE_VOICE,CHARGED,PREPAID,304.0,0.0,28.9,0,24.0,1.0,1,2025,0.12053668025532305,0.992708874098054,winter,0,1,0,0,1,0,0,0,0,0,5.720311776607412,0.0,3.3978584803966405,0.0,3.2188758248682006,daily,0.40736582223810175,Very Popular
BUNDLE_VOICE,CHARGED,PREPAID,586.0,0.0,57.4,0,48.0,2.0,1,2025,0.12053668025532305,0.992708874098054,winter,0,1,0,0,1,0,0,0,0,0,6.375024819828097,0.0,4.067315889834181,0.0,3.8918202981106265,weekly,0.49595396445378637,Very Popular
BUNDLE_VOICE,CHARGED,PREPAID,521.0,0.0,42.1,0,168.0,7.0,1,2025,0.12053668025532305,0.992708874098054,winter,0,1,0,0,1,0,0,0,0,0,6.257667587882639,0.0,3.763522997109702,0.0,5.1298987149230735,weekly,0.7478067010392389,Very Popular
BUNDLE_VOICE,CHARGED,PREPAID,483.0,0.0,44.1,0,48.0,2.0,1,2025,0.12053668025532305,0.992708874098054,winter,0,1,0,0,1,0,0,0,0,0,6.182084906716632,0.0,3.8088822465086327,0.0,3.8918202981106265,weekly,0.4184403229600747,Very Popular
BUNDLE_VOICE,CHARGED,PREPAID,234.0,0.0,19.1,0,24.0,1.0,1,2025,0.12053668025532305,0.992708874098054,winter,0,1,0,0,1,0,0,0,0,0,5.459585514144159,0.0,3.0007198150650303,0.0,3.2188758248682006,daily,0.6530194812674492,Very Popular
BUNDLE_VOICE,CHARGED,PREPAID,569.0,0.0,48.1,0,168.0,7.0,1,2025,0.12053668025532305,0.992708874098054,winter,0,1,0,0,1,0,0,0,0,0,6.345636360828596,0.0,3.893859034800475,0.0,5.1298987149230735,weekly,0.39302832296524487,Very Popular
BUNDLE_VOICE,CHARGED,PREPAID,712.0,0.0,96.5,0,24.0,1.0,1,2025,0.12053668025532305,0.992708874098054,winter,0,1,0,0,1,0,0,0,0,0,6.569481420414296,0.0,4.579852378003801,0.0,3.2188758248682006,daily,0.44148463022213713,Very Popular
BUNDLE_VOICE,CHARGED,PREPAID,374.0,0.0,25.8,0,72.0,3.0,1,2025,0.12053668025532305,0.992708874098054,winter,0,1,0,0,1,0,0,0,0,0,5.926926025970411,0.0,3.288401887516811,0.0,4.290459441148391,weekly,0.501401703056673,Very Popular
BUNDLE_VOICE,CHARGED,PREPAID,447.0,0.0,51.0,0,24.0,1.0,1,2025,0.12053668025532305,0.992708874098054,winter,0,1,0,0,1,0,0,0,0,0,6.104793232414985,0.0,3.9512437185814275,0.0,3.2188758248682006,daily,0.5863473235768798,Very Popular
BUNDLE_VOICE,CHARGED,PREPAID,881.0,0.0,97.1,0,168.0,7.0,1,2025,0.12053668025532305,0.992708874098054,winter,0,1,0,0,1,0,0,0,0,0,6.782192056006791,0.0,4.585987366571318,0.0,5.1298987149230735,weekly,0.6577051368478142,Very Popular
BUNDLE_VOICE,CHARGED,PREPAID,572.0,0.0,55.6,0,48.0,2.0,1,2025,0.12053668025532305,0.992708874098054,winter,0,1,0,0,1,0,0,0,0,0,6.35088571671474,0.0,4.036008985209137,0.0,3.8918202981106265,weekly,0.4463122989858507,Very Popular
BUNDLE_VOICE,CHARGED,PREPAID,453.0,0.0,51.5,0,24.0,1.0,1,2025,0.12053668025532305,0.992708874098054,winter,0,1,0,0,1,0,0,0,0,0,6.118097198041348,0.0,3.960813169597578,0.0,3.2188758248682006,daily,0.6660379219896557,Very Popular
BUNDLE_VOICE,CHARGED,PREPAID,461.0,0.0,53.0,0,24.0,1.0,1,2025,0.12053668025532305,0.992708874098054,winter,0,1,0,0,1,0,0,0,0,0,6.135564891081739,0.0,3.9889840465642745,0.0,3.2188758248682006,daily,0.45533165474224085,Very Popular
BUNDLE_VOICE,CHARGED,PREPAID,189.0,0.0,14.0,0,24.0,1.0,1,2025,0.12053668025532305,0.992708874098054,winter,0,1,0,0,1,0,0,0,0,0,5.247024072160486,0.0,2.70805020110221,0.0,3.2188758248682006,daily,0.5640601196286458,Very Popular
BUNDLE_VOICE,CHARGED,PREPAID,225.0,0.0,18.1,0,24.0,1.0,1,2025,0.12053668025532305,0.992708874098054,winter,0,1,0,0,1,0,0,0,0,0,5.420534999272286,0.0,2.9496883350525844,0.0,3.2188758248682006,daily,0.6636039610037701,Very Popular
BUNDLE_VOICE,CHARGED,PREPAID,327.0,0.0,18.2,0,168.0,7.0,1,2025,0.12053668025532305,0.992708874098054,winter,0,1,0,0,1,0,0,0,0,0,5.793013608384144,0.0,2.954910279033736,0.0,5.1298987149230735,weekly,0.4366666989323012,Very Popular
BUNDLE_VOICE,CHARGED,PREPAID,537.0,0.0,44.8,0,168.0,7.0,1,2025,0.12053668025532305,0.992708874098054,winter,0,1,0,0,1,0,0,0,0,0,6.2878585601617845,0.0,3.824284091120139,0.0,5.1298987149230735,weekly,0.5087164592454998,Very Popular
BUNDLE_VOICE,CHARGED,PREPAID,282.0,0.0,25.8,0,24.0,1.0,1,2025,0.12053668025532305,0.992708874098054,winter,0,1,0,0,1,0,0,0,0,0,5.645446897643238,0.0,3.288401887516811,0.0,3.2188758248682006,daily,0.6613272815473091,Very Popular
BUNDLE_VOICE,CHARGED,PREPAID,555.0,0.0,67.0,0,24.0,1.0,1,2025,0.12053668025532305,0.992708874098054,winter,0,1,0,0,1,0,0,0,0,0,6.320768294250582,0.0,4.219507705176107,0.0,3.2188758248682006,daily,0.5014007769096651,Very Popular
BUNDLE_VOICE,CHARGED,PREPAID,654.0,0.0,84.6,0,24.0,1.0,1,2025,0.12053668025532305,0.992708874098054,winter,0,1,0,0,1,0,0,0,0,0,6.484635235635252,0.0,4.449685283147696,0.0,3.2188758248682006,daily,0.5004624640073884,Very Popular
BUNDLE_VOICE,CHARGED,PREPAID,716.0,0.0,98.0,0,24.0,1.0,1,2025,0.12053668025532305,0.992708874098054,winter,0,1,0,0,1,0,0,0,0,0,6.57507584059962,0.0,4.59511985013459,0.0,3.2188758248682006,daily,0.4376813721609486,Very Popular
